>MMETSP1065,Amphiprora-paludosa-CCMP125,265537,Amphiprora paludosa,,Amphiprora,Amphipleuraceae,Naviculales,Bacillariophyceae,Bacillariophyta,,Eukaryota,Bacillariophyta
>MMETSP0724,Amphiprora-sp-CCMP467,265538,Amphiprora paludosa,,Amphiprora,Amphipleuraceae,Naviculales,Bacillariophyceae,Bacillariophyta,,Eukaryota,Bacillariophyta
>MMETSP0725,Amphiprora-sp-CCMP467,265539,Amphiprora paludosa,,Amphiprora,Amphipleuraceae,Naviculales,Bacillariophyceae,Bacillariophyta,,Eukaryota,Bacillariophyta
>MMETSP0726,Amphiprora-sp-CCMP467,265540,Amphiprora paludosa,,Amphiprora,Amphipleuraceae,Naviculales,Bacillariophyceae,Bacillariophyta,,Eukaryota,Bacillariophyta
>MMETSP0727,Amphiprora-sp-CCMP467,265541,Amphiprora paludosa,,Amphiprora,Amphipleuraceae,Naviculales,Bacillariophyceae,Bacillariophyta,,Eukaryota,Bacillariophyta
>MMETSP0316,Amphora-coffeaeformis-CCMP127,265554,Amphora coffeiformis,,Amphora,Catenulaceae,Thalassiophysales,Bacillariophyceae,Bacillariophyta,,Eukaryota,Bacillariophyta
>MMETSP0317,Amphora-coffeaeformis-CCMP127,265555,Amphora coffeiformis,,Amphora,Catenulaceae,Thalassiophysales,Bacillariophyceae,Bacillariophyta,,Eukaryota,Bacillariophyta
>MMETSP0318,Amphora-coffeaeformis-CCMP127,265556,Amphora coffeiformis,,Amphora,Catenulaceae,Thalassiophysales,Bacillariophyceae,Bacillariophyta,,Eukaryota,Bacillariophyta
>MMETSP0017,Cylindrotheca-closterium-KMMCC:B-181,2856,Cylindrotheca closterium,,Cylindrotheca,Bacillariaceae,Bacillariales,Bacillariophyceae,Bacillariophyta,,Eukaryota,Bacillariophyta
>MMETSP1443,Entomoneis-sp-CCMP2396,1462468,Entomoneis sp. CCMP2396,,Entomoneis,Entomoneidaceae,,Bacillariophyceae,Bacillariophyta,,Eukaryota,Bacillariophyta
>MMETSP0906,Fragilariopsis-kerguelensis-L2-C3,186038,Fragilariopsis kerguelensis,,Fragilariopsis,Bacillariaceae,Bacillariales,Bacillariophyceae,Bacillariophyta,,Eukaryota,Bacillariophyta
>MMETSP0907,Fragilariopsis-kerguelensis-L2-C3,186038,Fragilariopsis kerguelensis,,Fragilariopsis,Bacillariaceae,Bacillariales,Bacillariophyceae,Bacillariophyta,,Eukaryota,Bacillariophyta
>MMETSP0908,Fragilariopsis-kerguelensis-L2-C3,186039,Fragilariopsis kerguelensis,,Fragilariopsis,Bacillariaceae,Bacillariales,Bacillariophyceae,Bacillariophyta,,Eukaryota,Bacillariophyta
>MMETSP0909,Fragilariopsis-kerguelensis-L2-C3,186040,Fragilariopsis kerguelensis,,Fragilariopsis,Bacillariaceae,Bacillariales,Bacillariophyceae,Bacillariophyta,,Eukaryota,Bacillariophyta
>MMETSP0733,Fragilariopsis-kerguelensis-L26-C5,186041,Fragilariopsis kerguelensis,,Fragilariopsis,Bacillariaceae,Bacillariales,Bacillariophyceae,Bacillariophyta,,Eukaryota,Bacillariophyta
>MMETSP0734,Fragilariopsis-kerguelensis-L26-C5,186042,Fragilariopsis kerguelensis,,Fragilariopsis,Bacillariaceae,Bacillariales,Bacillariophyceae,Bacillariophyta,,Eukaryota,Bacillariophyta
>MMETSP0735,Fragilariopsis-kerguelensis-L26-C5,186043,Fragilariopsis kerguelensis,,Fragilariopsis,Bacillariaceae,Bacillariales,Bacillariophyceae,Bacillariophyta,,Eukaryota,Bacillariophyta
>MMETSP0736,Fragilariopsis-kerguelensis-L26-C5,186044,Fragilariopsis kerguelensis,,Fragilariopsis,Bacillariaceae,Bacillariales,Bacillariophyceae,Bacillariophyta,,Eukaryota,Bacillariophyta
>MMETSP0744,Nitzschia-punctata-CCMP561,913974,Tryblionella compressa,,Tryblionella,Bacillariaceae,Bacillariales,Bacillariophyceae,Bacillariophyta,,Eukaryota,Bacillariophyta
>MMETSP0745,Nitzschia-punctata-CCMP561,913974,Tryblionella compressa,,Tryblionella,Bacillariaceae,Bacillariales,Bacillariophyceae,Bacillariophyta,,Eukaryota,Bacillariophyta
>MMETSP0746,Nitzschia-punctata-CCMP561,913974,Tryblionella compressa,,Tryblionella,Bacillariaceae,Bacillariales,Bacillariophyceae,Bacillariophyta,,Eukaryota,Bacillariophyta
>MMETSP0747,Nitzschia-punctata-CCMP561,913974,Tryblionella compressa,,Tryblionella,Bacillariaceae,Bacillariales,Bacillariophyceae,Bacillariophyta,,Eukaryota,Bacillariophyta
>MMETSP0014,Nitzschia-sp-RCC80,913974,Tryblionella compressa,,Tryblionella,Bacillariaceae,Bacillariales,Bacillariophyceae,Bacillariophyta,,Eukaryota,Bacillariophyta
>MMETSP0329,Pseudo-nitzschia-arenysensis-B593,44445,Pseudo-nitzschia australis,,Pseudo-nitzschia,Bacillariaceae,Bacillariales,Bacillariophyceae,Bacillariophyta,,Eukaryota,Bacillariophyta
>MMETSP0139,Pseudo-nitzschia-australis-1024910AB,44445,Pseudo-nitzschia australis,,Pseudo-nitzschia,Bacillariaceae,Bacillariales,Bacillariophyceae,Bacillariophyta,,Eukaryota,Bacillariophyta
>MMETSP0140,Pseudo-nitzschia-australis-1024910AB,44445,Pseudo-nitzschia australis,,Pseudo-nitzschia,Bacillariaceae,Bacillariales,Bacillariophyceae,Bacillariophyta,,Eukaryota,Bacillariophyta
>MMETSP0141,Pseudo-nitzschia-australis-1024910AB,44445,Pseudo-nitzschia australis,,Pseudo-nitzschia,Bacillariaceae,Bacillariales,Bacillariophyceae,Bacillariophyta,,Eukaryota,Bacillariophyta
>MMETSP0142,Pseudo-nitzschia-australis-1024910AB,44445,Pseudo-nitzschia australis,,Pseudo-nitzschia,Bacillariaceae,Bacillariales,Bacillariophyceae,Bacillariophyta,,Eukaryota,Bacillariophyta
>MMETSP0327,Pseudo-nitzschia-delicatissima-B596,44445,Pseudo-nitzschia australis,,Pseudo-nitzschia,Bacillariaceae,Bacillariales,Bacillariophyceae,Bacillariophyta,,Eukaryota,Bacillariophyta
>MMETSP1432,Pseudo-nitzschia-delicatissima-UNC1205,44445,Pseudo-nitzschia australis,,Pseudo-nitzschia,Bacillariaceae,Bacillariales,Bacillariophyceae,Bacillariophyta,,Eukaryota,Bacillariophyta
>MMETSP0850,Pseudo-nitzschia-fraudulenta-WWA7,44445,Pseudo-nitzschia australis,,Pseudo-nitzschia,Bacillariaceae,Bacillariales,Bacillariophyceae,Bacillariophyta,,Eukaryota,Bacillariophyta
>MMETSP0851,Pseudo-nitzschia-fraudulenta-WWA7,44445,Pseudo-nitzschia australis,,Pseudo-nitzschia,Bacillariaceae,Bacillariales,Bacillariophyceae,Bacillariophyta,,Eukaryota,Bacillariophyta
>MMETSP0852,Pseudo-nitzschia-fraudulenta-WWA7,44445,Pseudo-nitzschia australis,,Pseudo-nitzschia,Bacillariaceae,Bacillariales,Bacillariophyceae,Bacillariophyta,,Eukaryota,Bacillariophyta
>MMETSP0853,Pseudo-nitzschia-fraudulenta-WWA7,44445,Pseudo-nitzschia australis,,Pseudo-nitzschia,Bacillariaceae,Bacillariales,Bacillariophyceae,Bacillariophyta,,Eukaryota,Bacillariophyta
>MMETSP1423,Pseudo-nitzschia-heimii-UNC1101,44445,Pseudo-nitzschia australis,,Pseudo-nitzschia,Bacillariaceae,Bacillariales,Bacillariophyceae,Bacillariophyta,,Eukaryota,Bacillariophyta
>MMETSP1060,Pseudo-nitzschia-pungens-cf-cingulata,44445,Pseudo-nitzschia australis,,Pseudo-nitzschia,Bacillariaceae,Bacillariales,Bacillariophyceae,Bacillariophyta,,Eukaryota,Bacillariophyta
>MMETSP1061,Pseudo-nitzschia-pungens-cf-pungens,44445,Pseudo-nitzschia australis,,Pseudo-nitzschia,Bacillariaceae,Bacillariales,Bacillariophyceae,Bacillariophyta,,Eukaryota,Bacillariophyta
>MMETSP1354,Erythrolobus-madagascarensis-CCMP3276,708628,Erythrolobus madagascarensis,,Erythrolobus,Porphyridiaceae,Porphyridiales,Bangiophyceae,Rhodophyta,,Eukaryota,Rhodophyta
>MMETSP0313,Porphyridium-aerugineum-SAG1380-2,2792,Porphyridium aerugineum,,Porphyridium,Porphyridiaceae,Porphyridiales,Bangiophyceae,Rhodophyta,,Eukaryota,Rhodophyta
>MMETSP1172,Timspurckia-oligopyrenoides-CCMP3278,708627,Timspurckia oligopyrenoides,,Timspurckia,Porphyridiaceae,Porphyridiales,Bangiophyceae,Rhodophyta,,Eukaryota,Rhodophyta
>MMETSP0785,Bolidomonas-pacifica-CCMP1866,464218,Bolidomonas sp. RCC852,,Bolidomonas,Triparmaceae,Parmales,Bolidophyceae,,,Eukaryota,Bolidophyceae
>MMETSP1319,Bolidomonas-pacifica-RCC208,464218,Bolidomonas sp. RCC852,,Bolidomonas,Triparmaceae,Parmales,Bolidophyceae,,,Eukaryota,Bolidophyceae
>MMETSP1321,Bolidomonas-sp-RCC1657,464218,Bolidomonas sp. RCC852,,Bolidomonas,Triparmaceae,Parmales,Bolidophyceae,,,Eukaryota,Bolidophyceae
>MMETSP1320,Bolidomonas-sp-RCC2347,464218,Bolidomonas sp. RCC852,,Bolidomonas,Triparmaceae,Parmales,Bolidophyceae,,,Eukaryota,Bolidophyceae
>MMETSP1359,Bigelowiella-longifila-CCMP242,552665,Bigelowiella longifila,,Bigelowiella,,,Chlorarachniophyceae,,,Eukaryota,Chlorarachniophyceae
>MMETSP1358,Bigelowiella-natans-CCMP1242,753081,Bigelowiella natans CCMP2755,Bigelowiella natans,Bigelowiella,,,Chlorarachniophyceae,,,Eukaryota,Chlorarachniophyceae
>MMETSP1055,Bigelowiella-natans-CCMP1258-1,753082,Bigelowiella natans CCMP2756,Bigelowiella natans,Bigelowiella,,,Chlorarachniophyceae,,,Eukaryota,Chlorarachniophyceae
>MMETSP1054,Bigelowiella-natans-CCMP1259,753083,Bigelowiella natans CCMP2757,Bigelowiella natans,Bigelowiella,,,Chlorarachniophyceae,,,Eukaryota,Chlorarachniophyceae
>MMETSP0045,Bigelowiella-natans-CCMP2755,753084,Bigelowiella natans CCMP2758,Bigelowiella natans,Bigelowiella,,,Chlorarachniophyceae,,,Eukaryota,Chlorarachniophyceae
>MMETSP1052,Bigelowiella-natans-CCMP623,753085,Bigelowiella natans CCMP2759,Bigelowiella natans,Bigelowiella,,,Chlorarachniophyceae,,,Eukaryota,Chlorarachniophyceae
>MMETSP0109,Chlorarachnion-reptans-CCCM449,29199,Chlorarachnion reptans,,Chlorarachnion,,,Chlorarachniophyceae,,,Eukaryota,Chlorarachniophyceae
>MMETSP0110,Gymnochlora-sp-CCMP2014,629695,Gymnochlora sp. CCMP2014,,Gymnochlora,,,Chlorarachniophyceae,,,Eukaryota,Chlorarachniophyceae
>MMETSP0042,Lotharella-amoebiformis-CCMP2058,91322,Lotharella globosa,,Lotharella,,,Chlorarachniophyceae,,,Eukaryota,Chlorarachniophyceae
>MMETSP0111,Lotharella-globosa-CCCM811,91323,Lotharella globosa,,Lotharella,,,Chlorarachniophyceae,,,Eukaryota,Chlorarachniophyceae
>MMETSP0112,Lotharella-globosa-CCCM811,91324,Lotharella globosa,,Lotharella,,,Chlorarachniophyceae,,,Eukaryota,Chlorarachniophyceae
>MMETSP0041,Lotharella-globosa-LEX01,91325,Lotharella globosa,,Lotharella,,,Chlorarachniophyceae,,,Eukaryota,Chlorarachniophyceae
>MMETSP0040,Lotharella-oceanica-CCMP622,641309,Lotharella oceanica,,Lotharella,,,Chlorarachniophyceae,,,Eukaryota,Chlorarachniophyceae
>MMETSP0113,Norrisiella-sphaerica-BC52,552664,Norrisiella sphaerica,,Norrisiella,,,Chlorarachniophyceae,,,Eukaryota,Chlorarachniophyceae
>MMETSP1318,Partenskyella-glossopodia-RCC365,552666,Partenskyella glossopodia,,Partenskyella,,,Chlorarachniophyceae,,,Eukaryota,Chlorarachniophyceae
>MMETSP0804,Tetraselmis-astigmatica-CCMP880,1074897,Tetraselmis astigmatica,,Tetraselmis,Chlorodendraceae,Chlorodendrales,Chlorodendrophyceae,Chlorophyta,Viridiplantae,Eukaryota,Chlorophyta
>MMETSP0491,Tetraselmis-chuii-PLY429,63592,Tetraselmis chuii,,Tetraselmis,Chlorodendraceae,Chlorodendrales,Chlorodendrophyceae,Chlorophyta,Viridiplantae,Eukaryota,Chlorophyta
>MMETSP0419,Tetraselmis-sp-GSL018,63593,Tetraselmis chuii,,Tetraselmis,Chlorodendraceae,Chlorodendrales,Chlorodendrophyceae,Chlorophyta,Viridiplantae,Eukaryota,Chlorophyta
>MMETSP0817,Tetraselmis-striata-LANL1001,63594,Tetraselmis chuii,,Tetraselmis,Chlorodendraceae,Chlorodendrales,Chlorodendrophyceae,Chlorophyta,Viridiplantae,Eukaryota,Chlorophyta
>MMETSP0818,Tetraselmis-striata-LANL1001,3165,Tetraselmis striata,,Tetraselmis,Chlorodendraceae,Chlorodendrales,Chlorodendrophyceae,Chlorophyta,Viridiplantae,Eukaryota,Chlorophyta
>MMETSP0819,Tetraselmis-striata-LANL1001,3166,Tetraselmis striata,,Tetraselmis,Chlorodendraceae,Chlorodendrales,Chlorodendrophyceae,Chlorophyta,Viridiplantae,Eukaryota,Chlorophyta
>MMETSP0820,Tetraselmis-striata-LANL1001,3167,Tetraselmis striata,,Tetraselmis,Chlorodendraceae,Chlorodendrales,Chlorodendrophyceae,Chlorophyta,Viridiplantae,Eukaryota,Chlorophyta
>MMETSP1392,Chlamydomonas-chlamydogama-SAG11-48b,225041,Chlamydomonas chlamydogama,,Chlamydomonas,Chlamydomonadaceae,Chlamydomonadales,Chlorophyceae,Chlorophyta,Viridiplantae,Eukaryota,Chlorophyta
>MMETSP0063,Chlamydomonas-euryale-CCMP219,1486919,Chlamydomonas euryale,,Chlamydomonas,Chlamydomonadaceae,Chlamydomonadales,Chlorophyceae,Chlorophyta,Viridiplantae,Eukaryota,Chlorophyta
>MMETSP1391,Chlamydomonas-leiostraca-SAG11-49,1034604,Chlamydomonas leiostraca,,Chlamydomonas,Chlamydomonadaceae,Chlamydomonadales,Chlorophyceae,Chlorophyta,Viridiplantae,Eukaryota,Chlorophyta
>MMETSP1180,Chlamydomonascf-sp-CCMP681,1034605,Chlamydomonas leiostraca,,Chlamydomonas,Chlamydomonadaceae,Chlamydomonadales,Chlorophyceae,Chlorophyta,Viridiplantae,Eukaryota,Chlorophyta
>MMETSP1126,Dunaliella-tertiolecta-CCMP1320,3047,Dunaliella tertiolecta,,Dunaliella,Dunaliellaceae,Chlamydomonadales,Chlorophyceae,Chlorophyta,Viridiplantae,Eukaryota,Chlorophyta
>MMETSP1127,Dunaliella-tertiolecta-CCMP1320,3048,Dunaliella tertiolecta,,Dunaliella,Dunaliellaceae,Chlamydomonadales,Chlorophyceae,Chlorophyta,Viridiplantae,Eukaryota,Chlorophyta
>MMETSP1128,Dunaliella-tertiolecta-CCMP1320,3049,Dunaliella tertiolecta,,Dunaliella,Dunaliellaceae,Chlamydomonadales,Chlorophyceae,Chlorophyta,Viridiplantae,Eukaryota,Chlorophyta
>MMETSP0052,Polytomella-parva-SAG63-3,51329,Polytomella parva,,Polytomella,Chlamydomonadaceae,Chlamydomonadales,Chlorophyceae,Chlorophyta,Viridiplantae,Eukaryota,Chlorophyta
>MMETSP1095,Chromulina-nebulosa-UTEXLB2642,96789,Chromulina nebulosa,,Chromulina,Chromulinaceae,Chromulinales,Chrysophyceae,,,Eukaryota,Chrysophyceae
>MMETSP0019,Dinobryon-sp-UTEXLB2267,1955563,Dinobryon sp.,,Dinobryon,Dinobryaceae,Chromulinales,Chrysophyceae,,,Eukaryota,Chrysophyceae
>MMETSP0020,Dinobryon-sp-UTEXLB2267,1955563,Dinobryon sp.,,Dinobryon,Dinobryaceae,Chromulinales,Chrysophyceae,,,Eukaryota,Chrysophyceae
>MMETSP0812,Dinobryon-sp-UTEXLB2267,1955563,Dinobryon sp.,,Dinobryon,Dinobryaceae,Chromulinales,Chrysophyceae,,,Eukaryota,Chrysophyceae
>MMETSP1105,Ochromonas-sp-BG-1,1955567,Ochromonas sp.,,Ochromonas,Chromulinaceae,Chromulinales,Chrysophyceae,,,Eukaryota,Chrysophyceae
>MMETSP0004,Ochromonas-sp-CCMP1393,1955567,Ochromonas sp.,,Ochromonas,Chromulinaceae,Chromulinales,Chrysophyceae,,,Eukaryota,Chrysophyceae
>MMETSP0005,Ochromonas-sp-CCMP1393,1955567,Ochromonas sp.,,Ochromonas,Chromulinaceae,Chromulinales,Chrysophyceae,,,Eukaryota,Chrysophyceae
>MMETSP1177,Ochromonas-sp-CCMP1899,1955567,Ochromonas sp.,,Ochromonas,Chromulinaceae,Chromulinales,Chrysophyceae,,,Eukaryota,Chrysophyceae
>MMETSP1103,Paraphysomonas-bandaiensis-CaronLabIsolate,89770,Paraphysomonas bandaiensis,,Paraphysomonas,Paraphysomonadaceae,Chromulinales,Chrysophyceae,,,Eukaryota,Chrysophyceae
>MMETSP0103,Paraphysomonas-imperforata-PA2,37642,Paraphysomonas imperforata,,Paraphysomonas,Paraphysomonadaceae,Chromulinales,Chrysophyceae,,,Eukaryota,Chrysophyceae
>MMETSP0104,Paraphysomonas-imperforata-PA2,37643,Paraphysomonas imperforata,,Paraphysomonas,Paraphysomonadaceae,Chromulinales,Chrysophyceae,,,Eukaryota,Chrysophyceae
>MMETSP1098,Spumella-elongata-CCAP955-1,89044,Spumella elongata,,Spumella,Chromulinaceae,Chromulinales,Chrysophyceae,,,Eukaryota,Chrysophyceae
>MMETSP0127,Platyophrya-macrostoma-WH,938130,Platyophrya macrostoma,,Platyophrya,Platyophryidae,Cyrtolophosidida,Colpodea,,,Eukaryota,Colpodea
>MMETSP0312,Compsopogon-coeruleus-SAG36-94,31354,Compsopogon caeruleus,,Compsopogon,Compsopogonaceae,Compsopogonales,Compsopogonophyceae,Rhodophyta,,Eukaryota,Rhodophyta
>MMETSP1450,Madagascaria-erythrocladiodes-CCMP3234,753684,Madagascaria erythrocladioides,,Madagascaria,Erythrotrichiaceae,Erythropeltidales,Compsopogonophyceae,Rhodophyta,,Eukaryota,Rhodophyta
>MMETSP0372,Lankesteria-abbottii-GrapplerInletBC,340204,Lankesteria abbotti,,Lankesteria,Lecudinidae,Eugregarinorida,Conoidasida,Apicomplexa,,Eukaryota,Apicomplexa
>MMETSP1449,Attheya-septentrionalis-CCMP2084,420275,Attheya septentrionalis,,Attheya,Attheyaceae,Chaetocerotales,Coscinodiscophyceae,Bacillariophyta,,Eukaryota,Bacillariophyta
>MMETSP1064,Aulacoseira-subarctica-CCAP1002-5,202472,Aulacoseira subarctica,,Aulacoseira,Aulacoseiraceae,,Coscinodiscophyceae,Bacillariophyta,,Eukaryota,Bacillariophyta
>MMETSP1435,Chaetoceros-brevis-CCMP164,426625,Chaetoceros brevis,,Chaetoceros,Chaetocerotaceae,Chaetocerotales,Coscinodiscophyceae,Bacillariophyta,,Eukaryota,Bacillariophyta
>MMETSP1336,Chaetoceros-cf-neogracile-RCC1993,240365,Chaetoceros neogracilis,,Chaetoceros,Chaetocerotaceae,Chaetocerotales,Coscinodiscophyceae,Bacillariophyta,,Eukaryota,Bacillariophyta
>MMETSP0716,Chaetoceros-curvisetus,230516,Chaetoceros curvisetus,,Chaetoceros,Chaetocerotaceae,Chaetocerotales,Coscinodiscophyceae,Bacillariophyta,,Eukaryota,Bacillariophyta
>MMETSP0717,Chaetoceros-curvisetus,230517,Chaetoceros curvisetus,,Chaetoceros,Chaetocerotaceae,Chaetocerotales,Coscinodiscophyceae,Bacillariophyta,,Eukaryota,Bacillariophyta
>MMETSP0718,Chaetoceros-curvisetus,230518,Chaetoceros curvisetus,,Chaetoceros,Chaetocerotaceae,Chaetocerotales,Coscinodiscophyceae,Bacillariophyta,,Eukaryota,Bacillariophyta
>MMETSP0719,Chaetoceros-curvisetus,230519,Chaetoceros curvisetus,,Chaetoceros,Chaetocerotaceae,Chaetocerotales,Coscinodiscophyceae,Bacillariophyta,,Eukaryota,Bacillariophyta
>MMETSP0149,Chaetoceros-debilis-MM31A-1,122233,Chaetoceros debilis,,Chaetoceros,Chaetocerotaceae,Chaetocerotales,Coscinodiscophyceae,Bacillariophyta,,Eukaryota,Bacillariophyta
>MMETSP0150,Chaetoceros-debilis-MM31A-1,122234,Chaetoceros debilis,,Chaetoceros,Chaetocerotaceae,Chaetocerotales,Coscinodiscophyceae,Bacillariophyta,,Eukaryota,Bacillariophyta
>MMETSP1447,Chaetoceros-dichaeta-CCMP1751,420782,Chaetoceros dichaeta,,Chaetoceros,Chaetocerotaceae,Chaetocerotales,Coscinodiscophyceae,Bacillariophyta,,Eukaryota,Bacillariophyta
>MMETSP0751,Chaetoceros-neogracile-CCMP1317,240364,Chaetoceros neogracilis,,Chaetoceros,Chaetocerotaceae,Chaetocerotales,Coscinodiscophyceae,Bacillariophyta,,Eukaryota,Bacillariophyta
>MMETSP0752,Chaetoceros-neogracile-CCMP1317,240365,Chaetoceros neogracilis,,Chaetoceros,Chaetocerotaceae,Chaetocerotales,Coscinodiscophyceae,Bacillariophyta,,Eukaryota,Bacillariophyta
>MMETSP0753,Chaetoceros-neogracile-CCMP1317,240366,Chaetoceros neogracilis,,Chaetoceros,Chaetocerotaceae,Chaetocerotales,Coscinodiscophyceae,Bacillariophyta,,Eukaryota,Bacillariophyta
>MMETSP0754,Chaetoceros-neogracile-CCMP1317,240367,Chaetoceros neogracilis,,Chaetoceros,Chaetocerotaceae,Chaetocerotales,Coscinodiscophyceae,Bacillariophyta,,Eukaryota,Bacillariophyta
>MMETSP0200,Chaetoceros-sp-GSL56,240368,Chaetoceros neogracilis,,Chaetoceros,Chaetocerotaceae,Chaetocerotales,Coscinodiscophyceae,Bacillariophyta,,Eukaryota,Bacillariophyta
>MMETSP1429,Chaetoceros-sp-UNC1202,240369,Chaetoceros neogracilis,,Chaetoceros,Chaetocerotaceae,Chaetocerotales,Coscinodiscophyceae,Bacillariophyta,,Eukaryota,Bacillariophyta
>MMETSP0010,Corethron-hystrix-308,216773,Corethron hystrix,,Corethron,Corethraceae,Corethrales,Coscinodiscophyceae,Bacillariophyta,,Eukaryota,Bacillariophyta
>MMETSP0169,Corethron-pennatum-L29A3,218684,Corethron pennatum,,Corethron,Corethraceae,Corethrales,Coscinodiscophyceae,Bacillariophyta,,Eukaryota,Bacillariophyta
>MMETSP0171,Corethron-pennatum-L29A3,218685,Corethron pennatum,,Corethron,Corethraceae,Corethrales,Coscinodiscophyceae,Bacillariophyta,,Eukaryota,Bacillariophyta
>MMETSP1066,Coscinodiscus-wailesii-CCMP2513,671091,Coscinodiscus wailesii,,Coscinodiscus,Coscinodiscaceae,Coscinodiscales,Coscinodiscophyceae,Bacillariophyta,,Eukaryota,Bacillariophyta
>MMETSP1057,Cyclotella-meneghiniana-CCMP338,29205,Cyclotella meneghiniana,,Cyclotella,Stephanodiscaceae,Thalassiosirales,Coscinodiscophyceae,Bacillariophyta,,Eukaryota,Bacillariophyta
>MMETSP0580,Dactyliosolen-fragilissimus,1118495,Dactyliosolen fragilissimus,,Dactyliosolen,Rhizosoleniaceae,Rhizosoleniales,Coscinodiscophyceae,Bacillariophyta,,Eukaryota,Bacillariophyta
>MMETSP1058,Detonula-confervacea-CCMP353,83371,Detonula confervacea,,Detonula,Thalassiosiraceae,Thalassiosirales,Coscinodiscophyceae,Bacillariophyta,,Eukaryota,Bacillariophyta
>MMETSP1362,Leptocylindrus-danicus-CCMP1856,163516,Leptocylindrus danicus,,Leptocylindrus,Leptocylindraceae,Leptocylindrales,Coscinodiscophyceae,Bacillariophyta,,Eukaryota,Bacillariophyta
>MMETSP0322,Leptocylindrus-danicusvar-apora-B651,163517,Leptocylindrus danicus,,Leptocylindrus,Leptocylindraceae,Leptocylindrales,Coscinodiscophyceae,Bacillariophyta,,Eukaryota,Bacillariophyta
>MMETSP0321,Leptocylindrus-danicusvar-danicus-B650,163518,Leptocylindrus danicus,,Leptocylindrus,Leptocylindraceae,Leptocylindrales,Coscinodiscophyceae,Bacillariophyta,,Eukaryota,Bacillariophyta
>MMETSP0174,Proboscia-alata-PI-D3,216777,Proboscia alata,,Proboscia,Rhizosoleniaceae,Rhizosoleniales,Coscinodiscophyceae,Bacillariophyta,,Eukaryota,Bacillariophyta
>MMETSP0176,Proboscia-alata-PI-D3,216778,Proboscia alata,,Proboscia,Rhizosoleniaceae,Rhizosoleniales,Coscinodiscophyceae,Bacillariophyta,,Eukaryota,Bacillariophyta
>MMETSP0816,Proboscia-inermis-CCAP1064-1,420281,Proboscia inermis,,Proboscia,Rhizosoleniaceae,Rhizosoleniales,Coscinodiscophyceae,Bacillariophyta,,Eukaryota,Bacillariophyta
>MMETSP0789,Rhizosolenia-setigera-CCMP1694,3005,Rhizosolenia setigera,,Rhizosolenia,Rhizosoleniaceae,Rhizosoleniales,Coscinodiscophyceae,Bacillariophyta,,Eukaryota,Bacillariophyta
>MMETSP0013,Skeletonema-costatum-1716,2843,Skeletonema costatum,,Skeletonema,Skeletonemataceae,Thalassiosirales,Coscinodiscophyceae,Bacillariophyta,,Eukaryota,Bacillariophyta
>MMETSP0562,Skeletonema-dohrnii-SkelB,267566,Skeletonema dohrnii,,Skeletonema,Skeletonemataceae,Thalassiosirales,Coscinodiscophyceae,Bacillariophyta,,Eukaryota,Bacillariophyta
>MMETSP0563,Skeletonema-dohrnii-SkelB,267567,Skeletonema dohrnii,,Skeletonema,Skeletonemataceae,Thalassiosirales,Coscinodiscophyceae,Bacillariophyta,,Eukaryota,Bacillariophyta
>MMETSP0578,Skeletonema-grethea-CCMP1804,267568,Skeletonema dohrnii,,Skeletonema,Skeletonemataceae,Thalassiosirales,Coscinodiscophyceae,Bacillariophyta,,Eukaryota,Bacillariophyta
>MMETSP0593,Skeletonema-japonicum-CCMP2506,267569,Skeletonema dohrnii,,Skeletonema,Skeletonemataceae,Thalassiosirales,Coscinodiscophyceae,Bacillariophyta,,Eukaryota,Bacillariophyta
>MMETSP1040,Skeletonema-marinoi-FE60,267570,Skeletonema dohrnii,,Skeletonema,Skeletonemataceae,Thalassiosirales,Coscinodiscophyceae,Bacillariophyta,,Eukaryota,Bacillariophyta
>MMETSP1039,Skeletonema-marinoi-FE7,267571,Skeletonema dohrnii,,Skeletonema,Skeletonemataceae,Thalassiosirales,Coscinodiscophyceae,Bacillariophyta,,Eukaryota,Bacillariophyta
>MMETSP0918,Skeletonema-marinoi-skelA,267572,Skeletonema dohrnii,,Skeletonema,Skeletonemataceae,Thalassiosirales,Coscinodiscophyceae,Bacillariophyta,,Eukaryota,Bacillariophyta
>MMETSP0920,Skeletonema-marinoi-skelA,267573,Skeletonema dohrnii,,Skeletonema,Skeletonemataceae,Thalassiosirales,Coscinodiscophyceae,Bacillariophyta,,Eukaryota,Bacillariophyta
>MMETSP0320,Skeletonema-marinoi-SM1012Den-03,267574,Skeletonema dohrnii,,Skeletonema,Skeletonemataceae,Thalassiosirales,Coscinodiscophyceae,Bacillariophyta,,Eukaryota,Bacillariophyta
>MMETSP0319,Skeletonema-marinoi-SM1012Hels-07,267575,Skeletonema dohrnii,,Skeletonema,Skeletonemataceae,Thalassiosirales,Coscinodiscophyceae,Bacillariophyta,,Eukaryota,Bacillariophyta
>MMETSP1428,Skeletonema-marinoi-UNC1201,267576,Skeletonema dohrnii,,Skeletonema,Skeletonemataceae,Thalassiosirales,Coscinodiscophyceae,Bacillariophyta,,Eukaryota,Bacillariophyta
>MMETSP0603,Skeletonema-menzelii-CCMP793,267577,Skeletonema dohrnii,,Skeletonema,Skeletonemataceae,Thalassiosirales,Coscinodiscophyceae,Bacillariophyta,,Eukaryota,Bacillariophyta
>MMETSP0604,Skeletonema-menzelii-CCMP793,267578,Skeletonema dohrnii,,Skeletonema,Skeletonemataceae,Thalassiosirales,Coscinodiscophyceae,Bacillariophyta,,Eukaryota,Bacillariophyta
>MMETSP0794,Stephanopyxis-turris-CCMP815,515487,Stephanopyxis turris,,Stephanopyxis,Stephanopyxidaceae,Melosirales,Coscinodiscophyceae,Bacillariophyta,,Eukaryota,Bacillariophyta
>MMETSP0902,Thalassiosira-antarctica-CCMP982,160265,Thalassiosira antarctica,,Thalassiosira,Thalassiosiraceae,Thalassiosirales,Coscinodiscophyceae,Bacillariophyta,,Eukaryota,Bacillariophyta
>MMETSP0903,Thalassiosira-antarctica-CCMP982,160266,Thalassiosira antarctica,,Thalassiosira,Thalassiosiraceae,Thalassiosirales,Coscinodiscophyceae,Bacillariophyta,,Eukaryota,Bacillariophyta
>MMETSP0904,Thalassiosira-antarctica-CCMP982,160267,Thalassiosira antarctica,,Thalassiosira,Thalassiosiraceae,Thalassiosirales,Coscinodiscophyceae,Bacillariophyta,,Eukaryota,Bacillariophyta
>MMETSP0905,Thalassiosira-antarctica-CCMP982,160268,Thalassiosira antarctica,,Thalassiosira,Thalassiosiraceae,Thalassiosirales,Coscinodiscophyceae,Bacillariophyta,,Eukaryota,Bacillariophyta
>MMETSP0492,Thalassiosira-gravida-GMp14c1,160269,Thalassiosira antarctica,,Thalassiosira,Thalassiosiraceae,Thalassiosirales,Coscinodiscophyceae,Bacillariophyta,,Eukaryota,Bacillariophyta
>MMETSP0493,Thalassiosira-gravida-GMp14c1,160270,Thalassiosira antarctica,,Thalassiosira,Thalassiosiraceae,Thalassiosirales,Coscinodiscophyceae,Bacillariophyta,,Eukaryota,Bacillariophyta
>MMETSP0494,Thalassiosira-gravida-GMp14c1,160271,Thalassiosira antarctica,,Thalassiosira,Thalassiosiraceae,Thalassiosirales,Coscinodiscophyceae,Bacillariophyta,,Eukaryota,Bacillariophyta
>MMETSP0737,Thalassiosira-miniscula-CCMP1093,160272,Thalassiosira antarctica,,Thalassiosira,Thalassiosiraceae,Thalassiosirales,Coscinodiscophyceae,Bacillariophyta,,Eukaryota,Bacillariophyta
>MMETSP0738,Thalassiosira-miniscula-CCMP1093,160273,Thalassiosira antarctica,,Thalassiosira,Thalassiosiraceae,Thalassiosirales,Coscinodiscophyceae,Bacillariophyta,,Eukaryota,Bacillariophyta
>MMETSP0739,Thalassiosira-miniscula-CCMP1093,160274,Thalassiosira antarctica,,Thalassiosira,Thalassiosiraceae,Thalassiosirales,Coscinodiscophyceae,Bacillariophyta,,Eukaryota,Bacillariophyta
>MMETSP0740,Thalassiosira-miniscula-CCMP1093,160275,Thalassiosira antarctica,,Thalassiosira,Thalassiosiraceae,Thalassiosirales,Coscinodiscophyceae,Bacillariophyta,,Eukaryota,Bacillariophyta
>MMETSP0970,Thalassiosira-oceanica-CCMP1005,160276,Thalassiosira antarctica,,Thalassiosira,Thalassiosiraceae,Thalassiosirales,Coscinodiscophyceae,Bacillariophyta,,Eukaryota,Bacillariophyta
>MMETSP0971,Thalassiosira-oceanica-CCMP1005,160277,Thalassiosira antarctica,,Thalassiosira,Thalassiosiraceae,Thalassiosirales,Coscinodiscophyceae,Bacillariophyta,,Eukaryota,Bacillariophyta
>MMETSP0972,Thalassiosira-oceanica-CCMP1005,160278,Thalassiosira antarctica,,Thalassiosira,Thalassiosiraceae,Thalassiosirales,Coscinodiscophyceae,Bacillariophyta,,Eukaryota,Bacillariophyta
>MMETSP0973,Thalassiosira-oceanica-CCMP1005,160279,Thalassiosira antarctica,,Thalassiosira,Thalassiosiraceae,Thalassiosirales,Coscinodiscophyceae,Bacillariophyta,,Eukaryota,Bacillariophyta
>MMETSP1067,Thalassiosira-punctigera-Tpunct2005C2,160280,Thalassiosira antarctica,,Thalassiosira,Thalassiosiraceae,Thalassiosirales,Coscinodiscophyceae,Bacillariophyta,,Eukaryota,Bacillariophyta
>MMETSP0403,Thalassiosira-rotula-CCMP3096,160281,Thalassiosira antarctica,,Thalassiosira,Thalassiosiraceae,Thalassiosirales,Coscinodiscophyceae,Bacillariophyta,,Eukaryota,Bacillariophyta
>MMETSP0404,Thalassiosira-rotula-CCMP3096,160282,Thalassiosira antarctica,,Thalassiosira,Thalassiosiraceae,Thalassiosirales,Coscinodiscophyceae,Bacillariophyta,,Eukaryota,Bacillariophyta
>MMETSP0910,Thalassiosira-rotula-GSO102,160283,Thalassiosira antarctica,,Thalassiosira,Thalassiosiraceae,Thalassiosirales,Coscinodiscophyceae,Bacillariophyta,,Eukaryota,Bacillariophyta
>MMETSP0911,Thalassiosira-rotula-GSO102,160284,Thalassiosira antarctica,,Thalassiosira,Thalassiosiraceae,Thalassiosirales,Coscinodiscophyceae,Bacillariophyta,,Eukaryota,Bacillariophyta
>MMETSP0912,Thalassiosira-rotula-GSO102,160285,Thalassiosira antarctica,,Thalassiosira,Thalassiosiraceae,Thalassiosirales,Coscinodiscophyceae,Bacillariophyta,,Eukaryota,Bacillariophyta
>MMETSP0913,Thalassiosira-rotula-GSO102,160286,Thalassiosira antarctica,,Thalassiosira,Thalassiosiraceae,Thalassiosirales,Coscinodiscophyceae,Bacillariophyta,,Eukaryota,Bacillariophyta
>MMETSP1059,Thalassiosira-sp-FW,160287,Thalassiosira antarctica,,Thalassiosira,Thalassiosiraceae,Thalassiosirales,Coscinodiscophyceae,Bacillariophyta,,Eukaryota,Bacillariophyta
>MMETSP1071,Thalassiosira-sp-NH16,160288,Thalassiosira antarctica,,Thalassiosira,Thalassiosiraceae,Thalassiosirales,Coscinodiscophyceae,Bacillariophyta,,Eukaryota,Bacillariophyta
>MMETSP0898,Thalassiosira-weissflogii-CCMP1010,160289,Thalassiosira antarctica,,Thalassiosira,Thalassiosiraceae,Thalassiosirales,Coscinodiscophyceae,Bacillariophyta,,Eukaryota,Bacillariophyta
>MMETSP0899,Thalassiosira-weissflogii-CCMP1010,160290,Thalassiosira antarctica,,Thalassiosira,Thalassiosiraceae,Thalassiosirales,Coscinodiscophyceae,Bacillariophyta,,Eukaryota,Bacillariophyta
>MMETSP0900,Thalassiosira-weissflogii-CCMP1010,160291,Thalassiosira antarctica,,Thalassiosira,Thalassiosiraceae,Thalassiosirales,Coscinodiscophyceae,Bacillariophyta,,Eukaryota,Bacillariophyta
>MMETSP0901,Thalassiosira-weissflogii-CCMP1010,160292,Thalassiosira antarctica,,Thalassiosira,Thalassiosiraceae,Thalassiosirales,Coscinodiscophyceae,Bacillariophyta,,Eukaryota,Bacillariophyta
>MMETSP1405,Thalassiosira-weissflogii-CCMP1010,160293,Thalassiosira antarctica,,Thalassiosira,Thalassiosiraceae,Thalassiosirales,Coscinodiscophyceae,Bacillariophyta,,Eukaryota,Bacillariophyta
>MMETSP1406,Thalassiosira-weissflogii-CCMP1010,160294,Thalassiosira antarctica,,Thalassiosira,Thalassiosiraceae,Thalassiosirales,Coscinodiscophyceae,Bacillariophyta,,Eukaryota,Bacillariophyta
>MMETSP1407,Thalassiosira-weissflogii-CCMP1010,160295,Thalassiosira antarctica,,Thalassiosira,Thalassiosiraceae,Thalassiosirales,Coscinodiscophyceae,Bacillariophyta,,Eukaryota,Bacillariophyta
>MMETSP1408,Thalassiosira-weissflogii-CCMP1010,160296,Thalassiosira antarctica,,Thalassiosira,Thalassiosiraceae,Thalassiosirales,Coscinodiscophyceae,Bacillariophyta,,Eukaryota,Bacillariophyta
>MMETSP1409,Thalassiosira-weissflogii-CCMP1010,160297,Thalassiosira antarctica,,Thalassiosira,Thalassiosiraceae,Thalassiosirales,Coscinodiscophyceae,Bacillariophyta,,Eukaryota,Bacillariophyta
>MMETSP1410,Thalassiosira-weissflogii-CCMP1010,160298,Thalassiosira antarctica,,Thalassiosira,Thalassiosiraceae,Thalassiosirales,Coscinodiscophyceae,Bacillariophyta,,Eukaryota,Bacillariophyta
>MMETSP1411,Thalassiosira-weissflogii-CCMP1010,160299,Thalassiosira antarctica,,Thalassiosira,Thalassiosiraceae,Thalassiosirales,Coscinodiscophyceae,Bacillariophyta,,Eukaryota,Bacillariophyta
>MMETSP1412,Thalassiosira-weissflogii-CCMP1010,160300,Thalassiosira antarctica,,Thalassiosira,Thalassiosiraceae,Thalassiosirales,Coscinodiscophyceae,Bacillariophyta,,Eukaryota,Bacillariophyta
>MMETSP1413,Thalassiosira-weissflogii-CCMP1010,160301,Thalassiosira antarctica,,Thalassiosira,Thalassiosiraceae,Thalassiosirales,Coscinodiscophyceae,Bacillariophyta,,Eukaryota,Bacillariophyta
>MMETSP1414,Thalassiosira-weissflogii-CCMP1010,160302,Thalassiosira antarctica,,Thalassiosira,Thalassiosiraceae,Thalassiosirales,Coscinodiscophyceae,Bacillariophyta,,Eukaryota,Bacillariophyta
>MMETSP1415,Thalassiosira-weissflogii-CCMP1010,160303,Thalassiosira antarctica,,Thalassiosira,Thalassiosiraceae,Thalassiosirales,Coscinodiscophyceae,Bacillariophyta,,Eukaryota,Bacillariophyta
>MMETSP1416,Thalassiosira-weissflogii-CCMP1010,160304,Thalassiosira antarctica,,Thalassiosira,Thalassiosiraceae,Thalassiosirales,Coscinodiscophyceae,Bacillariophyta,,Eukaryota,Bacillariophyta
>MMETSP1417,Thalassiosira-weissflogii-CCMP1010,160305,Thalassiosira antarctica,,Thalassiosira,Thalassiosiraceae,Thalassiosirales,Coscinodiscophyceae,Bacillariophyta,,Eukaryota,Bacillariophyta
>MMETSP1418,Thalassiosira-weissflogii-CCMP1010,160306,Thalassiosira antarctica,,Thalassiosira,Thalassiosiraceae,Thalassiosirales,Coscinodiscophyceae,Bacillariophyta,,Eukaryota,Bacillariophyta
>MMETSP1419,Thalassiosira-weissflogii-CCMP1010,160307,Thalassiosira antarctica,,Thalassiosira,Thalassiosiraceae,Thalassiosirales,Coscinodiscophyceae,Bacillariophyta,,Eukaryota,Bacillariophyta
>MMETSP1420,Thalassiosira-weissflogii-CCMP1010,160308,Thalassiosira antarctica,,Thalassiosira,Thalassiosiraceae,Thalassiosirales,Coscinodiscophyceae,Bacillariophyta,,Eukaryota,Bacillariophyta
>MMETSP1421,Thalassiosira-weissflogii-CCMP1010,160309,Thalassiosira antarctica,,Thalassiosira,Thalassiosiraceae,Thalassiosirales,Coscinodiscophyceae,Bacillariophyta,,Eukaryota,Bacillariophyta
>MMETSP1422,Thalassiosira-weissflogii-CCMP1010,160310,Thalassiosira antarctica,,Thalassiosira,Thalassiosiraceae,Thalassiosirales,Coscinodiscophyceae,Bacillariophyta,,Eukaryota,Bacillariophyta
>MMETSP0878,Thalassiosira-weissflogii-CCMP1336,160311,Thalassiosira antarctica,,Thalassiosira,Thalassiosiraceae,Thalassiosirales,Coscinodiscophyceae,Bacillariophyta,,Eukaryota,Bacillariophyta
>MMETSP0879,Thalassiosira-weissflogii-CCMP1336,160312,Thalassiosira antarctica,,Thalassiosira,Thalassiosiraceae,Thalassiosirales,Coscinodiscophyceae,Bacillariophyta,,Eukaryota,Bacillariophyta
>MMETSP0880,Thalassiosira-weissflogii-CCMP1336,160313,Thalassiosira antarctica,,Thalassiosira,Thalassiosiraceae,Thalassiosirales,Coscinodiscophyceae,Bacillariophyta,,Eukaryota,Bacillariophyta
>MMETSP0881,Thalassiosira-weissflogii-CCMP1336,160314,Thalassiosira antarctica,,Thalassiosira,Thalassiosiraceae,Thalassiosirales,Coscinodiscophyceae,Bacillariophyta,,Eukaryota,Bacillariophyta
>MMETSP1174,Dictyocha-speculum-CCMP1381,35687,Dictyocha speculum,,Dictyocha,,Dictyochales,Dictyochophyceae,,,Eukaryota,Dictyochophyceae
>MMETSP1344,Florenciella-parvula-CCMP2471,236787,Florenciella parvula,,Florenciella,,Florenciellales,Dictyochophyceae,,,Eukaryota,Dictyochophyceae
>MMETSP1323,Florenciella-parvula-RCC1693,236787,Florenciella parvula,,Florenciella,,Florenciellales,Dictyochophyceae,,,Eukaryota,Dictyochophyceae
>MMETSP1325,Florenciella-sp-RCC1007,236788,Florenciella parvula,,Florenciella,,Florenciellales,Dictyochophyceae,,,Eukaryota,Dictyochophyceae
>MMETSP1324,Florenciella-sp-RCC1587,236789,Florenciella parvula,,Florenciella,,Florenciellales,Dictyochophyceae,,,Eukaryota,Dictyochophyceae
>MMETSP1068,Pseudopedinella-elastica-CCMP716,35684,Pseudopedinella elastica,,Pseudopedinella,,Pedinellales,Dictyochophyceae,,,Eukaryota,Dictyochophyceae
>MMETSP1097,Pseudopedinella-elastica-CCMP716,35684,Pseudopedinella elastica,,Pseudopedinella,,Pedinellales,Dictyochophyceae,,,Eukaryota,Dictyochophyceae
>MMETSP0101,Pteridomonas-danica-PT,38822,Pteridomonas danica,,Pteridomonas,,Pedinellales,Dictyochophyceae,,,Eukaryota,Dictyochophyceae
>MMETSP0102,Pteridomonas-danica-PT,38823,Pteridomonas danica,,Pteridomonas,,Pedinellales,Dictyochophyceae,,,Eukaryota,Dictyochophyceae
>MMETSP1173,Rhizochromulina-marinacf-CCMP1243,1034831,Rhizochromulina marina,,Rhizochromulina,,Rhizochromulinales,Dictyochophyceae,,,Eukaryota,Dictyochophyceae
>MMETSP0223,Akashiwo-sanguinea-CCCM885,143672,Akashiwo sanguinea,,Akashiwo,Gymnodiniaceae,Gymnodiniales,Dinophyceae,,,Eukaryota,Dinophyceae
>MMETSP1436,Alexandrium-andersonii-CCMP2222,327968,Alexandrium andersonii,,Alexandrium,Gonyaulacaceae,Gonyaulacales,Dinophyceae,,,Eukaryota,Dinophyceae
>MMETSP0196,Alexandrium-fundyense-CCMP1719,2932,Alexandrium fundyense,,Alexandrium,Gonyaulacaceae,Gonyaulacales,Dinophyceae,,,Eukaryota,Dinophyceae
>MMETSP0197,Alexandrium-fundyense-CCMP1719,2932,Alexandrium fundyense,,Alexandrium,Gonyaulacaceae,Gonyaulacales,Dinophyceae,,,Eukaryota,Dinophyceae
>MMETSP0347,Alexandrium-fundyense-CCMP1719,2933,Alexandrium fundyense,,Alexandrium,Gonyaulacaceae,Gonyaulacales,Dinophyceae,,,Eukaryota,Dinophyceae
>MMETSP0661,Alexandrium-margalefi-AMGDE01CS-322,2934,Alexandrium fundyense,,Alexandrium,Gonyaulacaceae,Gonyaulacales,Dinophyceae,,,Eukaryota,Dinophyceae
>MMETSP0328,Alexandrium-minutum-CCMP113,39455,Alexandrium minutum,,Alexandrium,Gonyaulacaceae,Gonyaulacales,Dinophyceae,,,Eukaryota,Dinophyceae
>MMETSP0093,Alexandrium-monilatum-CCMP3105,311494,Alexandrium monilatum,,Alexandrium,Gonyaulacaceae,Gonyaulacales,Dinophyceae,,,Eukaryota,Dinophyceae
>MMETSP0095,Alexandrium-monilatum-CCMP3105,311495,Alexandrium monilatum,,Alexandrium,Gonyaulacaceae,Gonyaulacales,Dinophyceae,,,Eukaryota,Dinophyceae
>MMETSP0096,Alexandrium-monilatum-CCMP3105,311496,Alexandrium monilatum,,Alexandrium,Gonyaulacaceae,Gonyaulacales,Dinophyceae,,,Eukaryota,Dinophyceae
>MMETSP0097,Alexandrium-monilatum-CCMP3105,311497,Alexandrium monilatum,,Alexandrium,Gonyaulacaceae,Gonyaulacales,Dinophyceae,,,Eukaryota,Dinophyceae
>MMETSP0378,Alexandrium-tamarense-CCMP1771,2926,Alexandrium tamarense,,Alexandrium,Gonyaulacaceae,Gonyaulacales,Dinophyceae,,,Eukaryota,Dinophyceae
>MMETSP0380,Alexandrium-tamarense-CCMP1771,2927,Alexandrium tamarense,,Alexandrium,Gonyaulacaceae,Gonyaulacales,Dinophyceae,,,Eukaryota,Dinophyceae
>MMETSP0382,Alexandrium-tamarense-CCMP1771,2928,Alexandrium tamarense,,Alexandrium,Gonyaulacaceae,Gonyaulacales,Dinophyceae,,,Eukaryota,Dinophyceae
>MMETSP0384,Alexandrium-tamarense-CCMP1771,2929,Alexandrium tamarense,,Alexandrium,Gonyaulacaceae,Gonyaulacales,Dinophyceae,,,Eukaryota,Dinophyceae
>MMETSP0258,Amphidinium-carterae-CCMP1314,2961,Amphidinium carterae,,Amphidinium,Gymnodiniaceae,Gymnodiniales,Dinophyceae,,,Eukaryota,Dinophyceae
>MMETSP0259,Amphidinium-carterae-CCMP1314,2962,Amphidinium carterae,,Amphidinium,Gymnodiniaceae,Gymnodiniales,Dinophyceae,,,Eukaryota,Dinophyceae
>MMETSP0398,Amphidinium-carterae-CCMP1314,2963,Amphidinium carterae,,Amphidinium,Gymnodiniaceae,Gymnodiniales,Dinophyceae,,,Eukaryota,Dinophyceae
>MMETSP0399,Amphidinium-carterae-CCMP1314,2964,Amphidinium carterae,,Amphidinium,Gymnodiniaceae,Gymnodiniales,Dinophyceae,,,Eukaryota,Dinophyceae
>MMETSP0689,Amphidinium-massartii-CS-259,160604,Amphidinium massartii,,Amphidinium,Gymnodiniaceae,Gymnodiniales,Dinophyceae,,,Eukaryota,Dinophyceae
>MMETSP1036,Azadinium-spinosum-3D9,632150,Azadinium spinosum,,Azadinium,Amphidomataceae,Gonyaulacales,Dinophyceae,,,Eukaryota,Dinophyceae
>MMETSP1037,Azadinium-spinosum-3D9,632151,Azadinium spinosum,,Azadinium,Amphidomataceae,Gonyaulacales,Dinophyceae,,,Eukaryota,Dinophyceae
>MMETSP1038,Azadinium-spinosum-3D9,632152,Azadinium spinosum,,Azadinium,Amphidomataceae,Gonyaulacales,Dinophyceae,,,Eukaryota,Dinophyceae
>MMETSP1074,Ceratium-fusus-PA161109,2916,Tripos fusus,,Tripos,Ceratiaceae,Gonyaulacales,Dinophyceae,,,Eukaryota,Dinophyceae
>MMETSP1075,Ceratium-fusus-PA161109,2916,Tripos fusus,,Tripos,Ceratiaceae,Gonyaulacales,Dinophyceae,,,Eukaryota,Dinophyceae
>MMETSP0323,Crypthecodinium-cohnii-Seligo,2866,Crypthecodinium cohnii,,Crypthecodinium,Crypthecodiniaceae,Gonyaulacales,Dinophyceae,,,Eukaryota,Dinophyceae
>MMETSP0324,Crypthecodinium-cohnii-Seligo,2867,Crypthecodinium cohnii,,Crypthecodinium,Crypthecodiniaceae,Gonyaulacales,Dinophyceae,,,Eukaryota,Dinophyceae
>MMETSP0325,Crypthecodinium-cohnii-Seligo,2868,Crypthecodinium cohnii,,Crypthecodinium,Crypthecodiniaceae,Gonyaulacales,Dinophyceae,,,Eukaryota,Dinophyceae
>MMETSP0326,Crypthecodinium-cohnii-Seligo,2869,Crypthecodinium cohnii,,Crypthecodinium,Crypthecodiniaceae,Gonyaulacales,Dinophyceae,,,Eukaryota,Dinophyceae
>MMETSP0797,Dinophysis-acuminata-DAEP01,47934,Dinophysis acuminata,,Dinophysis,Dinophysiaceae,Dinophysiales,Dinophyceae,,,Eukaryota,Dinophyceae
>MMETSP0116,Durinskia-baltica-CSIROCS-38,400756,Durinskia baltica,,Durinskia,Kryptoperidiniaceae,Peridiniales,Dinophyceae,,,Eukaryota,Dinophyceae
>MMETSP0117,Durinskia-baltica-CSIROCS-38,400757,Durinskia baltica,,Durinskia,Kryptoperidiniaceae,Peridiniales,Dinophyceae,,,Eukaryota,Dinophyceae
>MMETSP0766,Gambierdiscus-australes-CAWD149,439317,Gambierdiscus australes,,Gambierdiscus,Goniodomataceae,Gonyaulacales,Dinophyceae,,,Eukaryota,Dinophyceae
>MMETSP0118,Glenodinium-foliaceum-CCAP1116-3,160619,Kryptoperidinium foliaceum,,Kryptoperidinium,Kryptoperidiniaceae,Peridiniales,Dinophyceae,,,Eukaryota,Dinophyceae
>MMETSP0119,Glenodinium-foliaceum-CCAP1116-3,160619,Kryptoperidinium foliaceum,,Kryptoperidinium,Kryptoperidiniaceae,Peridiniales,Dinophyceae,,,Eukaryota,Dinophyceae
>MMETSP1439,Gonyaulax-spinifera-CCMP409,66791,Gonyaulax spinifera,,Gonyaulax,Gonyaulacaceae,Gonyaulacales,Dinophyceae,,,Eukaryota,Dinophyceae
>MMETSP1441,Heterocapsa-arctica-CCMP445,192219,Heterocapsa arctica,,Heterocapsa,Heterocapsaceae,Peridiniales,Dinophyceae,,,Eukaryota,Dinophyceae
>MMETSP0503,Heterocapsa-rotundata-SCCAPK-0483,89963,Heterocapsa rotundata,,Heterocapsa,Heterocapsaceae,Peridiniales,Dinophyceae,,,Eukaryota,Dinophyceae
>MMETSP0448,Heterocapsa-triquestra-CCMP448,89964,Heterocapsa rotundata,,Heterocapsa,Heterocapsaceae,Peridiniales,Dinophyceae,,,Eukaryota,Dinophyceae
>MMETSP0027,Karenia-brevis-CCMP2229,156230,Karenia brevis,,Karenia,Kareniaceae,Gymnodiniales,Dinophyceae,,,Eukaryota,Dinophyceae
>MMETSP0029,Karenia-brevis-CCMP2229,156230,Karenia brevis,,Karenia,Kareniaceae,Gymnodiniales,Dinophyceae,,,Eukaryota,Dinophyceae
>MMETSP0030,Karenia-brevis-CCMP2229,156230,Karenia brevis,,Karenia,Kareniaceae,Gymnodiniales,Dinophyceae,,,Eukaryota,Dinophyceae
>MMETSP0031,Karenia-brevis-CCMP2229,156230,Karenia brevis,,Karenia,Kareniaceae,Gymnodiniales,Dinophyceae,,,Eukaryota,Dinophyceae
>MMETSP0573,Karenia-brevis-SP1,156231,Karenia brevis,,Karenia,Kareniaceae,Gymnodiniales,Dinophyceae,,,Eukaryota,Dinophyceae
>MMETSP0574,Karenia-brevis-SP1,156232,Karenia brevis,,Karenia,Kareniaceae,Gymnodiniales,Dinophyceae,,,Eukaryota,Dinophyceae
>MMETSP0527,Karenia-brevis-SP3,156233,Karenia brevis,,Karenia,Kareniaceae,Gymnodiniales,Dinophyceae,,,Eukaryota,Dinophyceae
>MMETSP0528,Karenia-brevis-SP3,156234,Karenia brevis,,Karenia,Kareniaceae,Gymnodiniales,Dinophyceae,,,Eukaryota,Dinophyceae
>MMETSP0201,Karenia-brevis-Wilson,156235,Karenia brevis,,Karenia,Kareniaceae,Gymnodiniales,Dinophyceae,,,Eukaryota,Dinophyceae
>MMETSP0202,Karenia-brevis-Wilson,156236,Karenia brevis,,Karenia,Kareniaceae,Gymnodiniales,Dinophyceae,,,Eukaryota,Dinophyceae
>MMETSP0648,Karenia-brevis-Wilson,156237,Karenia brevis,,Karenia,Kareniaceae,Gymnodiniales,Dinophyceae,,,Eukaryota,Dinophyceae
>MMETSP0649,Karenia-brevis-Wilson,156238,Karenia brevis,,Karenia,Kareniaceae,Gymnodiniales,Dinophyceae,,,Eukaryota,Dinophyceae
>MMETSP1015,Karlodinium-micrum-CCMP2283,407301,Karlodinium veneficum,,Karlodinium,Kareniaceae,Gymnodiniales,Dinophyceae,,,Eukaryota,Dinophyceae
>MMETSP1016,Karlodinium-micrum-CCMP2283,407302,Karlodinium veneficum,,Karlodinium,Kareniaceae,Gymnodiniales,Dinophyceae,,,Eukaryota,Dinophyceae
>MMETSP1017,Karlodinium-micrum-CCMP2283,407303,Karlodinium veneficum,,Karlodinium,Kareniaceae,Gymnodiniales,Dinophyceae,,,Eukaryota,Dinophyceae
>MMETSP0120,Kryptoperidinium-foliaceum-CCMP1326,160619,Kryptoperidinium foliaceum,,Kryptoperidinium,Kryptoperidiniaceae,Peridiniales,Dinophyceae,,,Eukaryota,Dinophyceae
>MMETSP0121,Kryptoperidinium-foliaceum-CCMP1326,160619,Kryptoperidinium foliaceum,,Kryptoperidinium,Kryptoperidiniaceae,Peridiniales,Dinophyceae,,,Eukaryota,Dinophyceae
>MMETSP1032,Lingulodinium-polyedra-CCMP1738,160621,Lingulodinium polyedra,,Lingulodinium,,Gonyaulacales,Dinophyceae,,,Eukaryota,Dinophyceae
>MMETSP1033,Lingulodinium-polyedra-CCMP1738,160622,Lingulodinium polyedra,,Lingulodinium,,Gonyaulacales,Dinophyceae,,,Eukaryota,Dinophyceae
>MMETSP1034,Lingulodinium-polyedra-CCMP1738,160623,Lingulodinium polyedra,,Lingulodinium,,Gonyaulacales,Dinophyceae,,,Eukaryota,Dinophyceae
>MMETSP1035,Lingulodinium-polyedra-CCMP1738,160624,Lingulodinium polyedra,,Lingulodinium,,Gonyaulacales,Dinophyceae,,,Eukaryota,Dinophyceae
>MMETSP0253,Noctiluca-scintillans,2966,Noctiluca scintillans,,Noctiluca,Noctilucaceae,Noctilucales,Dinophyceae,,,Eukaryota,Dinophyceae
>MMETSP0468,Oxyrrhis-marina,2969,Oxyrrhis marina,,Oxyrrhis,Oxyrrhinaceae,Oxyrrhinales,Dinophyceae,,,Eukaryota,Dinophyceae
>MMETSP0469,Oxyrrhis-marina,2969,Oxyrrhis marina,,Oxyrrhis,Oxyrrhinaceae,Oxyrrhinales,Dinophyceae,,,Eukaryota,Dinophyceae
>MMETSP0470,Oxyrrhis-marina,2970,Oxyrrhis marina,,Oxyrrhis,Oxyrrhinaceae,Oxyrrhinales,Dinophyceae,,,Eukaryota,Dinophyceae
>MMETSP0471,Oxyrrhis-marina,2971,Oxyrrhis marina,,Oxyrrhis,Oxyrrhinaceae,Oxyrrhinales,Dinophyceae,,,Eukaryota,Dinophyceae
>MMETSP0044,Oxyrrhis-marina-CCMP1788,2972,Oxyrrhis marina,,Oxyrrhis,Oxyrrhinaceae,Oxyrrhinales,Dinophyceae,,,Eukaryota,Dinophyceae
>MMETSP0451,Oxyrrhis-marina-CCMP1795,2973,Oxyrrhis marina,,Oxyrrhis,Oxyrrhinaceae,Oxyrrhinales,Dinophyceae,,,Eukaryota,Dinophyceae
>MMETSP0452,Oxyrrhis-marina-CCMP1795,2974,Oxyrrhis marina,,Oxyrrhis,Oxyrrhinaceae,Oxyrrhinales,Dinophyceae,,,Eukaryota,Dinophyceae
>MMETSP1424,Oxyrrhis-marina-LB1974,2975,Oxyrrhis marina,,Oxyrrhis,Oxyrrhinaceae,Oxyrrhinales,Dinophyceae,,,Eukaryota,Dinophyceae
>MMETSP1425,Oxyrrhis-marina-LB1974,2976,Oxyrrhis marina,,Oxyrrhis,Oxyrrhinaceae,Oxyrrhinales,Dinophyceae,,,Eukaryota,Dinophyceae
>MMETSP1426,Oxyrrhis-marina-LB1974,2977,Oxyrrhis marina,,Oxyrrhis,Oxyrrhinaceae,Oxyrrhinales,Dinophyceae,,,Eukaryota,Dinophyceae
>MMETSP1338,Pelagodinium-bii-RCC1491,43686,Pelagodinium beii,,Pelagodinium,Suessiaceae,Suessiales,Dinophyceae,,,Eukaryota,Dinophyceae
>MMETSP0370,Peridinium-aciculiferum-PAER-2,66469,Peridinium sp.,,Peridinium,Peridiniaceae,Peridiniales,Dinophyceae,,,Eukaryota,Dinophyceae
>MMETSP0371,Peridinium-aciculiferum-PAER-2,66469,Peridinium sp.,,Peridinium,Peridiniaceae,Peridiniales,Dinophyceae,,,Eukaryota,Dinophyceae
>MMETSP0227,Polarella-glacialis-CCMP1383,89957,Polarella glacialis,,Polarella,Suessiaceae,Suessiales,Dinophyceae,,,Eukaryota,Dinophyceae
>MMETSP1440,Polarella-glacialis-CCMP2088,89957,Polarella glacialis,,Polarella,Suessiaceae,Suessiales,Dinophyceae,,,Eukaryota,Dinophyceae
>MMETSP0252,Prorocentrum-lima-CCMP684,39448,Prorocentrum lima,,Prorocentrum,Prorocentraceae,Prorocentrales,Dinophyceae,,,Eukaryota,Dinophyceae
>MMETSP0251,Prorocentrum-micans-CCCM845,2945,Prorocentrum micans,,Prorocentrum,Prorocentraceae,Prorocentrales,Dinophyceae,,,Eukaryota,Dinophyceae
>MMETSP0053,Prorocentrum-minimum-CCMP1329,39449,Prorocentrum minimum,,Prorocentrum,Prorocentraceae,Prorocentrales,Dinophyceae,,,Eukaryota,Dinophyceae
>MMETSP0055,Prorocentrum-minimum-CCMP1329,39449,Prorocentrum minimum,,Prorocentrum,Prorocentraceae,Prorocentrales,Dinophyceae,,,Eukaryota,Dinophyceae
>MMETSP0056,Prorocentrum-minimum-CCMP1329,39450,Prorocentrum minimum,,Prorocentrum,Prorocentraceae,Prorocentrales,Dinophyceae,,,Eukaryota,Dinophyceae
>MMETSP0057,Prorocentrum-minimum-CCMP1329,39451,Prorocentrum minimum,,Prorocentrum,Prorocentraceae,Prorocentrales,Dinophyceae,,,Eukaryota,Dinophyceae
>MMETSP0267,Prorocentrum-minimum-CCMP2233,39452,Prorocentrum minimum,,Prorocentrum,Prorocentraceae,Prorocentrales,Dinophyceae,,,Eukaryota,Dinophyceae
>MMETSP0268,Prorocentrum-minimum-CCMP2233,39453,Prorocentrum minimum,,Prorocentrum,Prorocentraceae,Prorocentrales,Dinophyceae,,,Eukaryota,Dinophyceae
>MMETSP0269,Prorocentrum-minimum-CCMP2233,39454,Prorocentrum minimum,,Prorocentrum,Prorocentraceae,Prorocentrales,Dinophyceae,,,Eukaryota,Dinophyceae
>MMETSP0228,Protoceratium-reticulatum-CCCM535=CCMP1889,133427,Protoceratium reticulatum,,Protoceratium,Gonyaulacaceae,Gonyaulacales,Dinophyceae,,,Eukaryota,Dinophyceae
>MMETSP0229,Pyrocystis-lunula-CCCM517,2972,Pyrocystis lunula,,Pyrocystis,Pyrocystaceae,Pyrocystales,Dinophyceae,,,Eukaryota,Dinophyceae
>MMETSP0796,Pyrodinium-bahamense-pbaha01,73915,Pyrodinium bahamense,,Pyrodinium,Goniodomataceae,Gonyaulacales,Dinophyceae,,,Eukaryota,Dinophyceae
>MMETSP0367,Scrippsiella-hangoei-like-SHHI-4,268821,Scrippsiella hangoei,,Scrippsiella,Thoracosphaeraceae,Thoracosphaerales,Dinophyceae,,,Eukaryota,Dinophyceae
>MMETSP0368,Scrippsiella-hangoei-like-SHHI-4,268822,Scrippsiella hangoei,,Scrippsiella,Thoracosphaeraceae,Thoracosphaerales,Dinophyceae,,,Eukaryota,Dinophyceae
>MMETSP0369,Scrippsiella-hangoei-like-SHHI-4,268823,Scrippsiella hangoei,,Scrippsiella,Thoracosphaeraceae,Thoracosphaerales,Dinophyceae,,,Eukaryota,Dinophyceae
>MMETSP0359,Scrippsiella-hangoei-SHTV-5,268824,Scrippsiella hangoei,,Scrippsiella,Thoracosphaeraceae,Thoracosphaerales,Dinophyceae,,,Eukaryota,Dinophyceae
>MMETSP0360,Scrippsiella-hangoei-SHTV-5,268825,Scrippsiella hangoei,,Scrippsiella,Thoracosphaeraceae,Thoracosphaerales,Dinophyceae,,,Eukaryota,Dinophyceae
>MMETSP0361,Scrippsiella-hangoei-SHTV-5,268826,Scrippsiella hangoei,,Scrippsiella,Thoracosphaeraceae,Thoracosphaerales,Dinophyceae,,,Eukaryota,Dinophyceae
>MMETSP0270,Scrippsiella-trochoidea-CCMP3099,71861,Scrippsiella trochoidea,,Scrippsiella,Thoracosphaeraceae,Thoracosphaerales,Dinophyceae,,,Eukaryota,Dinophyceae
>MMETSP0271,Scrippsiella-trochoidea-CCMP3099,71862,Scrippsiella trochoidea,,Scrippsiella,Thoracosphaeraceae,Thoracosphaerales,Dinophyceae,,,Eukaryota,Dinophyceae
>MMETSP0272,Scrippsiella-trochoidea-CCMP3099,71863,Scrippsiella trochoidea,,Scrippsiella,Thoracosphaeraceae,Thoracosphaerales,Dinophyceae,,,Eukaryota,Dinophyceae
>MMETSP0132,Symbiodinium-kawagutii-CCMP2468,104179,Symbiodinium kawagutii,,Symbiodinium,Symbiodiniaceae,Suessiales,Dinophyceae,,,Eukaryota,Dinophyceae
>MMETSP0133,Symbiodinium-kawagutii-CCMP2468,104180,Symbiodinium kawagutii,,Symbiodinium,Symbiodiniaceae,Suessiales,Dinophyceae,,,Eukaryota,Dinophyceae
>MMETSP0134,Symbiodinium-kawagutii-CCMP2468,104181,Symbiodinium kawagutii,,Symbiodinium,Symbiodiniaceae,Suessiales,Dinophyceae,,,Eukaryota,Dinophyceae
>MMETSP0135,Symbiodinium-kawagutii-CCMP2468,104182,Symbiodinium kawagutii,,Symbiodinium,Symbiodiniaceae,Suessiales,Dinophyceae,,,Eukaryota,Dinophyceae
>MMETSP1367,Symbiodinium-sp-C1,104183,Symbiodinium kawagutii,,Symbiodinium,Symbiodiniaceae,Suessiales,Dinophyceae,,,Eukaryota,Dinophyceae
>MMETSP1369,Symbiodinium-sp-C1,104184,Symbiodinium kawagutii,,Symbiodinium,Symbiodiniaceae,Suessiales,Dinophyceae,,,Eukaryota,Dinophyceae
>MMETSP1370,Symbiodinium-sp-C15,104185,Symbiodinium kawagutii,,Symbiodinium,Symbiodiniaceae,Suessiales,Dinophyceae,,,Eukaryota,Dinophyceae
>MMETSP1371,Symbiodinium-sp-C15,104186,Symbiodinium kawagutii,,Symbiodinium,Symbiodiniaceae,Suessiales,Dinophyceae,,,Eukaryota,Dinophyceae
>MMETSP1115,Symbiodinium-sp-CCMP2430,104187,Symbiodinium kawagutii,,Symbiodinium,Symbiodiniaceae,Suessiales,Dinophyceae,,,Eukaryota,Dinophyceae
>MMETSP1116,Symbiodinium-sp-CCMP2430,104188,Symbiodinium kawagutii,,Symbiodinium,Symbiodiniaceae,Suessiales,Dinophyceae,,,Eukaryota,Dinophyceae
>MMETSP1117,Symbiodinium-sp-CCMP2430,104189,Symbiodinium kawagutii,,Symbiodinium,Symbiodiniaceae,Suessiales,Dinophyceae,,,Eukaryota,Dinophyceae
>MMETSP1110,Symbiodinium-sp-CCMP421,104190,Symbiodinium kawagutii,,Symbiodinium,Symbiodiniaceae,Suessiales,Dinophyceae,,,Eukaryota,Dinophyceae
>MMETSP1374,Symbiodinium-sp-cladeA,104191,Symbiodinium kawagutii,,Symbiodinium,Symbiodiniaceae,Suessiales,Dinophyceae,,,Eukaryota,Dinophyceae
>MMETSP1377,Symbiodinium-sp-D1a,104192,Symbiodinium kawagutii,,Symbiodinium,Symbiodiniaceae,Suessiales,Dinophyceae,,,Eukaryota,Dinophyceae
>MMETSP1122,Symbiodinium-sp-Mp,104193,Symbiodinium kawagutii,,Symbiodinium,Symbiodiniaceae,Suessiales,Dinophyceae,,,Eukaryota,Dinophyceae
>MMETSP1123,Symbiodinium-sp-Mp,104194,Symbiodinium kawagutii,,Symbiodinium,Symbiodiniaceae,Suessiales,Dinophyceae,,,Eukaryota,Dinophyceae
>MMETSP1124,Symbiodinium-sp-Mp,104195,Symbiodinium kawagutii,,Symbiodinium,Symbiodiniaceae,Suessiales,Dinophyceae,,,Eukaryota,Dinophyceae
>MMETSP1125,Symbiodinium-sp-Mp,104196,Symbiodinium kawagutii,,Symbiodinium,Symbiodiniaceae,Suessiales,Dinophyceae,,,Eukaryota,Dinophyceae
>MMETSP0225,Thoracosphaera-heimii-CCCM670=CCMP1069,2923,Thoracosphaera heimii,,Thoracosphaera,Thoracosphaeraceae,Thoracosphaerales,Dinophyceae,,,Eukaryota,Dinophyceae
>MMETSP0224,Togula-jolla-CCCM725,285029,Togula jolla,,Togula,Gymnodiniaceae,Gymnodiniales,Dinophyceae,,,Eukaryota,Dinophyceae
>MMETSP0713,Asterionellopsis-glacialis,33640,Asterionellopsis glacialis,,Asterionellopsis,Fragilariaceae,Fragilariales,Fragilariophyceae,Bacillariophyta,,Eukaryota,Bacillariophyta
>MMETSP0705,Asterionellopsis-glacialis-CCMP134,33640,Asterionellopsis glacialis,,Asterionellopsis,Fragilariaceae,Fragilariales,Fragilariophyceae,Bacillariophyta,,Eukaryota,Bacillariophyta
>MMETSP0706,Asterionellopsis-glacialis-CCMP134,33641,Asterionellopsis glacialis,,Asterionellopsis,Fragilariaceae,Fragilariales,Fragilariophyceae,Bacillariophyta,,Eukaryota,Bacillariophyta
>MMETSP0707,Asterionellopsis-glacialis-CCMP134,33642,Asterionellopsis glacialis,,Asterionellopsis,Fragilariaceae,Fragilariales,Fragilariophyceae,Bacillariophyta,,Eukaryota,Bacillariophyta
>MMETSP0708,Asterionellopsis-glacialis-CCMP134,33643,Asterionellopsis glacialis,,Asterionellopsis,Fragilariaceae,Fragilariales,Fragilariophyceae,Bacillariophyta,,Eukaryota,Bacillariophyta
>MMETSP1394,Asterionellopsis-glacialis-CCMP1581,33644,Asterionellopsis glacialis,,Asterionellopsis,Fragilariaceae,Fragilariales,Fragilariophyceae,Bacillariophyta,,Eukaryota,Bacillariophyta
>MMETSP0418,Astrosyne-radiata-13vi08-1A,1158023,Astrosyne radiata,,Astrosyne,Cyclophoraceae,Cyclophorales,Fragilariophyceae,Bacillariophyta,,Eukaryota,Bacillariophyta
>MMETSP0397,Cyclophora-tenuis-ECT3854,216820,Cyclophora tenuis,,Cyclophora,Cyclophoraceae,Cyclophorales,Fragilariophyceae,Bacillariophyta,,Eukaryota,Bacillariophyta
>MMETSP0009,Grammatophora-oceanica-CCMP410,210454,Grammatophora oceanica,,Grammatophora,Grammatophoraceae,Rhabdonematales,Fragilariophyceae,Bacillariophyta,,Eukaryota,Bacillariophyta
>MMETSP1360,Licmophora-paradoxa-CCMP2313,515479,Licmophora paradoxa,,Licmophora,Licmophoraceae,Licmophorales,Fragilariophyceae,Bacillariophyta,,Eukaryota,Bacillariophyta
>MMETSP1361,Staurosiracomplex-sp-CCMP2646,,,,,,,Fragilariophyceae,Bacillariophyta,Stramenopiles,Eukaryota,Bacillariophyta
>MMETSP0800,Striatella-unipunctata-CCMP2910,210618,Striatella unipunctata,,Striatella,Striatellaceae,Striatellales,Fragilariophyceae,Bacillariophyta,,Eukaryota,Bacillariophyta
>MMETSP1176,Synedropsis-rectacf-CCMP1620,265551,Synedropsis cf. recta,,Synedropsis,Fragilariaceae,Fragilariales,Fragilariophyceae,Bacillariophyta,,Eukaryota,Bacillariophyta
>MMETSP0786,Thalassionema-frauenfeldii-CCMP1798,186022,Thalassionema frauenfeldii,,Thalassionema,Thalassionemataceae,Thalassionemales,Fragilariophyceae,Bacillariophyta,,Eukaryota,Bacillariophyta
>MMETSP0693,Thalassionema-nitzschioides,33649,Thalassionema nitzschioides,,Thalassionema,Thalassionemataceae,Thalassionemales,Fragilariophyceae,Bacillariophyta,,Eukaryota,Bacillariophyta
>MMETSP0156,Thalassionema-nitzschioides-L26-B,33649,Thalassionema nitzschioides,,Thalassionema,Thalassionemataceae,Thalassionemales,Fragilariophyceae,Bacillariophyta,,Eukaryota,Bacillariophyta
>MMETSP0158,Thalassionema-nitzschioides-L26-B,33650,Thalassionema nitzschioides,,Thalassionema,Thalassionemataceae,Thalassionemales,Fragilariophyceae,Bacillariophyta,,Eukaryota,Bacillariophyta
>MMETSP0152,Thalassiothrix-antarctica-L6-D1,1049556,Thalassiothrix antarctica,,Thalassiothrix,Thalassionemataceae,Thalassionemales,Fragilariophyceae,Bacillariophyta,,Eukaryota,Bacillariophyta
>MMETSP0154,Thalassiothrix-antarctica-L6-D1,1049557,Thalassiothrix antarctica,,Thalassiothrix,Thalassionemataceae,Thalassionemales,Fragilariophyceae,Bacillariophyta,,Eukaryota,Bacillariophyta
>MMETSP1086,Cyanoptyche-gloeocystis-SAG4-97,77922,Cyanoptyche gloeocystis,,Cyanoptyche,,,Glaucocystophyceae,,,Eukaryota,Glaucocystophyceae
>MMETSP0308,Gloeochaete-witrockiana-SAG46-84,38269,Gloeochaete wittrockiana,,Gloeochaete,Gloeochaetaceae,Gloeochaetales,Glaucocystophyceae,,,Eukaryota,Glaucocystophyceae
>MMETSP1089,Gloeochaete-wittrockiana-SAG46-84,38270,Gloeochaete wittrockiana,,Gloeochaete,Gloeochaetaceae,Gloeochaetales,Glaucocystophyceae,,,Eukaryota,Glaucocystophyceae
>MMETSP1334,Calcidiscus-leptoporus-RCC1130,127549,Calcidiscus leptoporus,,Calcidiscus,Calcidiscaceae,Coccolithales,Haptophyceae,,,Eukaryota,Haptophyceae
>MMETSP1094,Chrysochromulina-brevifilum-UTEXLB985,412150,Chrysochromulina rotalis,,Chrysochromulina,Chrysochromulinaceae,Prymnesiales,Haptophyceae,,,Eukaryota,Haptophyceae
>MMETSP1096,Chrysochromulina-ericina-CCMP281,412151,Chrysochromulina rotalis,,Chrysochromulina,Chrysochromulinaceae,Prymnesiales,Haptophyceae,,,Eukaryota,Haptophyceae
>MMETSP0143,Chrysochromulina-polylepis-CCMP1757,412152,Chrysochromulina rotalis,,Chrysochromulina,Chrysochromulinaceae,Prymnesiales,Haptophyceae,,,Eukaryota,Haptophyceae
>MMETSP0145,Chrysochromulina-polylepis-CCMP1757,412153,Chrysochromulina rotalis,,Chrysochromulina,Chrysochromulinaceae,Prymnesiales,Haptophyceae,,,Eukaryota,Haptophyceae
>MMETSP0146,Chrysochromulina-polylepis-CCMP1757,412154,Chrysochromulina rotalis,,Chrysochromulina,Chrysochromulinaceae,Prymnesiales,Haptophyceae,,,Eukaryota,Haptophyceae
>MMETSP0147,Chrysochromulina-polylepis-CCMP1757,412155,Chrysochromulina rotalis,,Chrysochromulina,Chrysochromulinaceae,Prymnesiales,Haptophyceae,,,Eukaryota,Haptophyceae
>MMETSP0286,Chrysochromulina-polylepis-UIO037,412156,Chrysochromulina rotalis,,Chrysochromulina,Chrysochromulinaceae,Prymnesiales,Haptophyceae,,,Eukaryota,Haptophyceae
>MMETSP0287,Chrysochromulina-rotalis-UIO044,412157,Chrysochromulina rotalis,,Chrysochromulina,Chrysochromulinaceae,Prymnesiales,Haptophyceae,,,Eukaryota,Haptophyceae
>MMETSP1335,Chrysoculter-rhomboideus-RCC1486,259385,Chrysoculter rhomboideus,,Chrysoculter,,,Haptophyceae,,,Eukaryota,Haptophyceae
>MMETSP0164,Coccolithus-pelagicussspbraarudi-PLY182g,97492,Coccolithus pelagicus,,Coccolithus,Coccolithaceae,Coccolithales,Haptophyceae,,,Eukaryota,Haptophyceae
>MMETSP1006,Emiliania-huxleyi-374,2903,Emiliania huxleyi,,Emiliania,Noelaerhabdaceae,Isochrysidales,Haptophyceae,,,Eukaryota,Haptophyceae
>MMETSP1007,Emiliania-huxleyi-374,2904,Emiliania huxleyi,,Emiliania,Noelaerhabdaceae,Isochrysidales,Haptophyceae,,,Eukaryota,Haptophyceae
>MMETSP1008,Emiliania-huxleyi-374,2905,Emiliania huxleyi,,Emiliania,Noelaerhabdaceae,Isochrysidales,Haptophyceae,,,Eukaryota,Haptophyceae
>MMETSP1009,Emiliania-huxleyi-374,2906,Emiliania huxleyi,,Emiliania,Noelaerhabdaceae,Isochrysidales,Haptophyceae,,,Eukaryota,Haptophyceae
>MMETSP1154,Emiliania-huxleyi-CCMP370,2907,Emiliania huxleyi,,Emiliania,Noelaerhabdaceae,Isochrysidales,Haptophyceae,,,Eukaryota,Haptophyceae
>MMETSP1155,Emiliania-huxleyi-CCMP370,2908,Emiliania huxleyi,,Emiliania,Noelaerhabdaceae,Isochrysidales,Haptophyceae,,,Eukaryota,Haptophyceae
>MMETSP1156,Emiliania-huxleyi-CCMP370,2909,Emiliania huxleyi,,Emiliania,Noelaerhabdaceae,Isochrysidales,Haptophyceae,,,Eukaryota,Haptophyceae
>MMETSP1157,Emiliania-huxleyi-CCMP370,2910,Emiliania huxleyi,,Emiliania,Noelaerhabdaceae,Isochrysidales,Haptophyceae,,,Eukaryota,Haptophyceae
>MMETSP1150,Emiliania-huxleyi-PLYM219,2911,Emiliania huxleyi,,Emiliania,Noelaerhabdaceae,Isochrysidales,Haptophyceae,,,Eukaryota,Haptophyceae
>MMETSP1151,Emiliania-huxleyi-PLYM219,2912,Emiliania huxleyi,,Emiliania,Noelaerhabdaceae,Isochrysidales,Haptophyceae,,,Eukaryota,Haptophyceae
>MMETSP1152,Emiliania-huxleyi-PLYM219,2913,Emiliania huxleyi,,Emiliania,Noelaerhabdaceae,Isochrysidales,Haptophyceae,,,Eukaryota,Haptophyceae
>MMETSP1153,Emiliania-huxleyi-PLYM219,2914,Emiliania huxleyi,,Emiliania,Noelaerhabdaceae,Isochrysidales,Haptophyceae,,,Eukaryota,Haptophyceae
>MMETSP1464,Exanthemachrysis-gayraliae-RCC1523,119497,Exanthemachrysis gayraliae,,Exanthemachrysis,Pavlovaceae,Pavlovales,Haptophyceae,,,Eukaryota,Haptophyceae
>MMETSP1363,Gephyrocapsa-oceanica-RCC1303,38816,Gephyrocapsa oceanica,,Gephyrocapsa,Noelaerhabdaceae,Isochrysidales,Haptophyceae,,,Eukaryota,Haptophyceae
>MMETSP1364,Gephyrocapsa-oceanica-RCC1303,38817,Gephyrocapsa oceanica,,Gephyrocapsa,Noelaerhabdaceae,Isochrysidales,Haptophyceae,,,Eukaryota,Haptophyceae
>MMETSP1365,Gephyrocapsa-oceanica-RCC1303,38818,Gephyrocapsa oceanica,,Gephyrocapsa,Noelaerhabdaceae,Isochrysidales,Haptophyceae,,,Eukaryota,Haptophyceae
>MMETSP1366,Gephyrocapsa-oceanica-RCC1303,38819,Gephyrocapsa oceanica,,Gephyrocapsa,Noelaerhabdaceae,Isochrysidales,Haptophyceae,,,Eukaryota,Haptophyceae
>MMETSP1474,Imantonia-sp-RCC918,1907789,Imantonia sp.,,Imantonia,Prymnesiaceae,Prymnesiales,Haptophyceae,,,Eukaryota,Haptophyceae
>MMETSP0595,Isochrysis-galbana-CCMP1323,37099,Isochrysis galbana,,Isochrysis,Isochrysidaceae,Isochrysidales,Haptophyceae,,,Eukaryota,Haptophyceae
>MMETSP0943,Isochrysis-galbana-CCMP1323,37099,Isochrysis galbana,,Isochrysis,Isochrysidaceae,Isochrysidales,Haptophyceae,,,Eukaryota,Haptophyceae
>MMETSP0944,Isochrysis-galbana-CCMP1323,37099,Isochrysis galbana,,Isochrysis,Isochrysidaceae,Isochrysidales,Haptophyceae,,,Eukaryota,Haptophyceae
>MMETSP1090,Isochrysis-sp-CCMP1244,37099,Isochrysis galbana,,Isochrysis,Isochrysidaceae,Isochrysidales,Haptophyceae,,,Eukaryota,Haptophyceae
>MMETSP1388,Isochrysis-sp-CCMP1244,37099,Isochrysis galbana,,Isochrysis,Isochrysidaceae,Isochrysidales,Haptophyceae,,,Eukaryota,Haptophyceae
>MMETSP1129,Isochrysis-sp-CCMP1324,37099,Isochrysis galbana,,Isochrysis,Isochrysidaceae,Isochrysidales,Haptophyceae,,,Eukaryota,Haptophyceae
>MMETSP1130,Isochrysis-sp-CCMP1324,37099,Isochrysis galbana,,Isochrysis,Isochrysidaceae,Isochrysidales,Haptophyceae,,,Eukaryota,Haptophyceae
>MMETSP1131,Isochrysis-sp-CCMP1324,37099,Isochrysis galbana,,Isochrysis,Isochrysidaceae,Isochrysidales,Haptophyceae,,,Eukaryota,Haptophyceae
>MMETSP1132,Isochrysis-sp-CCMP1324,37099,Isochrysis galbana,,Isochrysis,Isochrysidaceae,Isochrysidales,Haptophyceae,,,Eukaryota,Haptophyceae
>MMETSP1466,Pavlova-gyrans-CCMP608,44452,Pavlova gyrans,,Pavlova,Pavlovaceae,Pavlovales,Haptophyceae,,,Eukaryota,Haptophyceae
>MMETSP1463,Pavlova-lutheri-RCC1537,2832,Pavlova lutheri,,Pavlova,Pavlovaceae,Pavlovales,Haptophyceae,,,Eukaryota,Haptophyceae
>MMETSP1139,Pavlova-sp-CCMP459,2833,Pavlova lutheri,,Pavlova,Pavlovaceae,Pavlovales,Haptophyceae,,,Eukaryota,Haptophyceae
>MMETSP1140,Pavlova-sp-CCMP459,2834,Pavlova lutheri,,Pavlova,Pavlovaceae,Pavlovales,Haptophyceae,,,Eukaryota,Haptophyceae
>MMETSP1381,Pavlova-sp-CCMP459,2835,Pavlova lutheri,,Pavlova,Pavlovaceae,Pavlovales,Haptophyceae,,,Eukaryota,Haptophyceae
>MMETSP1100,Phaeocystis-antarctica-CaronLabIsolate,33657,Phaeocystis antarctica,,Phaeocystis,Phaeocystaceae,Phaeocystales,Haptophyceae,,,Eukaryota,Haptophyceae
>MMETSP1444,Phaeocystis-antarctica-CCMP1374,33658,Phaeocystis antarctica,,Phaeocystis,Phaeocystaceae,Phaeocystales,Haptophyceae,,,Eukaryota,Haptophyceae
>MMETSP1465,Phaeocystis-cordata-RCC1383,33659,Phaeocystis antarctica,,Phaeocystis,Phaeocystaceae,Phaeocystales,Haptophyceae,,,Eukaryota,Haptophyceae
>MMETSP1162,Phaeocystis-sp-CCMP2710,33660,Phaeocystis antarctica,,Phaeocystis,Phaeocystaceae,Phaeocystales,Haptophyceae,,,Eukaryota,Haptophyceae
>MMETSP1136,Pleurochrysis-carterae-CCMP645,13221,Chrysotila carterae,,Chrysotila,Isochrysidaceae,Isochrysidales,Haptophyceae,,,Eukaryota,Haptophyceae
>MMETSP1137,Pleurochrysis-carterae-CCMP645,13221,Chrysotila carterae,,Chrysotila,Isochrysidaceae,Isochrysidales,Haptophyceae,,,Eukaryota,Haptophyceae
>MMETSP1138,Pleurochrysis-carterae-CCMP645,13221,Chrysotila carterae,,Chrysotila,Isochrysidaceae,Isochrysidales,Haptophyceae,,,Eukaryota,Haptophyceae
>MMETSP0006,Prymnesium-parvum-Texoma1,97485,Prymnesium parvum,,Prymnesium,Prymnesiaceae,Prymnesiales,Haptophyceae,,,Eukaryota,Haptophyceae
>MMETSP0007,Prymnesium-parvum-Texoma1,97485,Prymnesium parvum,,Prymnesium,Prymnesiaceae,Prymnesiales,Haptophyceae,,,Eukaryota,Haptophyceae
>MMETSP0008,Prymnesium-parvum-Texoma1,97485,Prymnesium parvum,,Prymnesium,Prymnesiaceae,Prymnesiales,Haptophyceae,,,Eukaryota,Haptophyceae
>MMETSP0814,Prymnesium-parvum-Texoma1,97486,Prymnesium parvum,,Prymnesium,Prymnesiaceae,Prymnesiales,Haptophyceae,,,Eukaryota,Haptophyceae
>MMETSP0815,Prymnesium-parvum-Texoma1,97487,Prymnesium parvum,,Prymnesium,Prymnesiaceae,Prymnesiales,Haptophyceae,,,Eukaryota,Haptophyceae
>MMETSP1083,Prymnesium-parvum-Texoma1,97488,Prymnesium parvum,,Prymnesium,Prymnesiaceae,Prymnesiales,Haptophyceae,,,Eukaryota,Haptophyceae
>MMETSP1333,Scyphosphaera-apsteinii-RCC1455,418940,Scyphosphaera apsteinii,,Scyphosphaera,Pontosphaeraceae,Coccosphaerales,Haptophyceae,,,Eukaryota,Haptophyceae
>MMETSP0758,Percolomonas-cosmopolitus-AE-1(ATCC50343),63605,Percolomonas cosmopolitus,,Percolomonas,,,Heterolobosea,,,Eukaryota,Heterolobosea
>MMETSP0759,Percolomonas-cosmopolitus-WS,63606,Percolomonas cosmopolitus,,Percolomonas,,,Heterolobosea,,,Eukaryota,Heterolobosea
>MMETSP1395,Blepharisma-japonicum-StockR1072,5961,Blepharisma japonicum,,Blepharisma,Blepharismidae,Heterotrichida,Heterotrichea,,,Eukaryota,Heterotrichea
>MMETSP1397,Climacostomum-virens-StockW-24,49980,Climacostomum virens,,Climacostomum,Climacostomidae,Heterotrichida,Heterotrichea,,,Eukaryota,Heterotrichea
>MMETSP0210,Condylostoma-magnum-COL2,40633,Condylostoma magnum,,Condylostoma,Condylostomatidae,Heterotrichida,Heterotrichea,,,Eukaryota,Heterotrichea
>MMETSP1345,Fabrea-salina,342563,Fabrea salina,,Fabrea,Fabreidae,Heterotrichida,Heterotrichea,,,Eukaryota,Heterotrichea
>MMETSP0954,Aplanochytrium-sp-PBS07,215587,Aplanochytrium stocchinoi,,Aplanochytrium,Thraustochytriaceae,,Labyrinthulomycetes,,,Eukaryota,Labyrinthulomycetes
>MMETSP0955,Aplanochytrium-sp-PBS07,215588,Aplanochytrium stocchinoi,,Aplanochytrium,Thraustochytriaceae,,Labyrinthulomycetes,,,Eukaryota,Labyrinthulomycetes
>MMETSP0956,Aplanochytrium-sp-PBS07,215589,Aplanochytrium stocchinoi,,Aplanochytrium,Thraustochytriaceae,,Labyrinthulomycetes,,,Eukaryota,Labyrinthulomycetes
>MMETSP0957,Aplanochytrium-sp-PBS07,215590,Aplanochytrium stocchinoi,,Aplanochytrium,Thraustochytriaceae,,Labyrinthulomycetes,,,Eukaryota,Labyrinthulomycetes
>MMETSP1346,Aplanochytrium-stocchinoi-GSBS06,215591,Aplanochytrium stocchinoi,,Aplanochytrium,Thraustochytriaceae,,Labyrinthulomycetes,,,Eukaryota,Labyrinthulomycetes
>MMETSP1347,Aplanochytrium-stocchinoi-GSBS06,215592,Aplanochytrium stocchinoi,,Aplanochytrium,Thraustochytriaceae,,Labyrinthulomycetes,,,Eukaryota,Labyrinthulomycetes
>MMETSP1348,Aplanochytrium-stocchinoi-GSBS06,215593,Aplanochytrium stocchinoi,,Aplanochytrium,Thraustochytriaceae,,Labyrinthulomycetes,,,Eukaryota,Labyrinthulomycetes
>MMETSP1349,Aplanochytrium-stocchinoi-GSBS06,215594,Aplanochytrium stocchinoi,,Aplanochytrium,Thraustochytriaceae,,Labyrinthulomycetes,,,Eukaryota,Labyrinthulomycetes
>MMETSP0958,Aurantiochytrium-limacinum-ATCCMYA-1381,87102,Aurantiochytrium limacinum,,Aurantiochytrium,Thraustochytriaceae,,Labyrinthulomycetes,,,Eukaryota,Labyrinthulomycetes
>MMETSP0959,Aurantiochytrium-limacinum-ATCCMYA-1381,87103,Aurantiochytrium limacinum,,Aurantiochytrium,Thraustochytriaceae,,Labyrinthulomycetes,,,Eukaryota,Labyrinthulomycetes
>MMETSP0960,Aurantiochytrium-limacinum-ATCCMYA-1381,87104,Aurantiochytrium limacinum,,Aurantiochytrium,Thraustochytriaceae,,Labyrinthulomycetes,,,Eukaryota,Labyrinthulomycetes
>MMETSP0961,Aurantiochytrium-limacinum-ATCCMYA-1381,87105,Aurantiochytrium limacinum,,Aurantiochytrium,Thraustochytriaceae,,Labyrinthulomycetes,,,Eukaryota,Labyrinthulomycetes
>MMETSP0962,Schizochytrium-aggregatum-ATCC28209,4771,Schizochytrium aggregatum,,Schizochytrium,Thraustochytriaceae,,Labyrinthulomycetes,,,Eukaryota,Labyrinthulomycetes
>MMETSP0963,Schizochytrium-aggregatum-ATCC28209,4772,Schizochytrium aggregatum,,Schizochytrium,Thraustochytriaceae,,Labyrinthulomycetes,,,Eukaryota,Labyrinthulomycetes
>MMETSP0964,Schizochytrium-aggregatum-ATCC28209,4773,Schizochytrium aggregatum,,Schizochytrium,Thraustochytriaceae,,Labyrinthulomycetes,,,Eukaryota,Labyrinthulomycetes
>MMETSP0965,Schizochytrium-aggregatum-ATCC28209,4774,Schizochytrium aggregatum,,Schizochytrium,Thraustochytriaceae,,Labyrinthulomycetes,,,Eukaryota,Labyrinthulomycetes
>MMETSP0198,Thraustochytrium-sp-LLF1b,1112570,Thraustochytrium sp. LLF1b,,Thraustochytrium,Thraustochytriaceae,,Labyrinthulomycetes,,,Eukaryota,Labyrinthulomycetes
>MMETSP0199,Thraustochytrium-sp-LLF1b,1112570,Thraustochytrium sp. LLF1b,,Thraustochytrium,Thraustochytriaceae,,Labyrinthulomycetes,,,Eukaryota,Labyrinthulomycetes
>MMETSP0209,Litonotus-pictus-P1,665100,Litonotus pictus,,Litonotus,Litonotidae,Pleurostomatida,Litostomatea,,,Eukaryota,Litostomatea
>MMETSP0467,Mesodinium-pulex-SPMC105,283647,Mesodinium pulex,,Mesodinium,Mesodiniidae,Cyclotrichida,Litostomatea,,,Eukaryota,Litostomatea
>MMETSP0798,Myrionecta-rubra-CCMP2563,283649,Myrionecta rubra,,Myrionecta,Mesodiniidae,Cyclotrichida,Litostomatea,,,Eukaryota,Litostomatea
>MMETSP0933,Bathycoccus-prasinos-BCC99000,41875,Bathycoccus prasinos,,Bathycoccus,Bathycoccaceae,Mamiellales,Mamiellophyceae,Chlorophyta,Viridiplantae,Eukaryota,Chlorophyta
>MMETSP1399,Bathycoccus-prasinos-CCMP1898,41875,Bathycoccus prasinos,,Bathycoccus,Bathycoccaceae,Mamiellales,Mamiellophyceae,Chlorophyta,Viridiplantae,Eukaryota,Chlorophyta
>MMETSP1460,Bathycoccus-prasinos-RCC716,41875,Bathycoccus prasinos,,Bathycoccus,Bathycoccaceae,Mamiellales,Mamiellophyceae,Chlorophyta,Viridiplantae,Eukaryota,Chlorophyta
>MMETSP0803,Crustomastix-stigmata-CCMP3273,195967,Crustomastix stigmatica,,Crustomastix,Crustomastigaceae,Dolichomastigales,Mamiellophyceae,Chlorophyta,Viridiplantae,Eukaryota,Chlorophyta
>MMETSP0033,Dolichomastix-tenuilepis-CCMP3274,195969,Dolichomastix tenuilepis,,Dolichomastix,Dolichomastigaceae,Dolichomastigales,Mamiellophyceae,Chlorophyta,Viridiplantae,Eukaryota,Chlorophyta
>MMETSP1106,Mantoniella-antarctica-SL-175,81844,Mantoniella antarctica,,Mantoniella,Mamiellaceae,Mamiellales,Mamiellophyceae,Chlorophyta,Viridiplantae,Eukaryota,Chlorophyta
>MMETSP1468,Mantoniella-sp-CCMP1436,81845,Mantoniella antarctica,,Mantoniella,Mamiellaceae,Mamiellales,Mamiellophyceae,Chlorophyta,Viridiplantae,Eukaryota,Chlorophyta
>MMETSP1401,Micromonas-pusilla-CCAC1681,38833,Micromonas pusilla,,Micromonas,Mamiellaceae,Mamiellales,Mamiellophyceae,Chlorophyta,Viridiplantae,Eukaryota,Chlorophyta
>MMETSP1403,Micromonas-pusilla-CCMP1723,38834,Micromonas pusilla,,Micromonas,Mamiellaceae,Mamiellales,Mamiellophyceae,Chlorophyta,Viridiplantae,Eukaryota,Chlorophyta
>MMETSP1404,Micromonas-pusilla-CCMP494,38835,Micromonas pusilla,,Micromonas,Mamiellaceae,Mamiellales,Mamiellophyceae,Chlorophyta,Viridiplantae,Eukaryota,Chlorophyta
>MMETSP1402,Micromonas-pusilla-RCC1614,38836,Micromonas pusilla,,Micromonas,Mamiellaceae,Mamiellales,Mamiellophyceae,Chlorophyta,Viridiplantae,Eukaryota,Chlorophyta
>MMETSP1327,Micromonas-pusilla-RCC2306,38837,Micromonas pusilla,,Micromonas,Mamiellaceae,Mamiellales,Mamiellophyceae,Chlorophyta,Viridiplantae,Eukaryota,Chlorophyta
>MMETSP1080,Micromonas-sp-CCMP1646,38838,Micromonas pusilla,,Micromonas,Mamiellaceae,Mamiellales,Mamiellophyceae,Chlorophyta,Viridiplantae,Eukaryota,Chlorophyta
>MMETSP0802,Micromonas-sp-CCMP2099,38839,Micromonas pusilla,,Micromonas,Mamiellaceae,Mamiellales,Mamiellophyceae,Chlorophyta,Viridiplantae,Eukaryota,Chlorophyta
>MMETSP1390,Micromonas-sp-CCMP2099,38840,Micromonas pusilla,,Micromonas,Mamiellaceae,Mamiellales,Mamiellophyceae,Chlorophyta,Viridiplantae,Eukaryota,Chlorophyta
>MMETSP1393,Micromonas-sp-CS-222,38841,Micromonas pusilla,,Micromonas,Mamiellaceae,Mamiellales,Mamiellophyceae,Chlorophyta,Viridiplantae,Eukaryota,Chlorophyta
>MMETSP1082,Micromonas-sp-NEPCC29,38842,Micromonas pusilla,,Micromonas,Mamiellaceae,Mamiellales,Mamiellophyceae,Chlorophyta,Viridiplantae,Eukaryota,Chlorophyta
>MMETSP1386,Micromonas-sp-NEPCC29,38843,Micromonas pusilla,,Micromonas,Mamiellaceae,Mamiellales,Mamiellophyceae,Chlorophyta,Viridiplantae,Eukaryota,Chlorophyta
>MMETSP1400,Micromonas-sp-RCC451,38844,Micromonas pusilla,,Micromonas,Mamiellaceae,Mamiellales,Mamiellophyceae,Chlorophyta,Viridiplantae,Eukaryota,Chlorophyta
>MMETSP1084,Micromonas-sp-RCC472,38845,Micromonas pusilla,,Micromonas,Mamiellaceae,Mamiellales,Mamiellophyceae,Chlorophyta,Viridiplantae,Eukaryota,Chlorophyta
>MMETSP1387,Micromonas-sp-RCC472,38846,Micromonas pusilla,,Micromonas,Mamiellaceae,Mamiellales,Mamiellophyceae,Chlorophyta,Viridiplantae,Eukaryota,Chlorophyta
>MMETSP0939,Ostreococcus-lucimarinus-clade-A-BCC118000,1486918,Ostreococcus mediterraneus,,Ostreococcus,Bathycoccaceae,Mamiellales,Mamiellophyceae,Chlorophyta,Viridiplantae,Eukaryota,Chlorophyta
>MMETSP0938,Ostreococcus-mediterraneus-clade-D-RCC1107,1486919,Ostreococcus mediterraneus,,Ostreococcus,Bathycoccaceae,Mamiellales,Mamiellophyceae,Chlorophyta,Viridiplantae,Eukaryota,Chlorophyta
>MMETSP0930,Ostreococcus-mediterraneus-clade-D-RCC1621,1486920,Ostreococcus mediterraneus,,Ostreococcus,Bathycoccaceae,Mamiellales,Mamiellophyceae,Chlorophyta,Viridiplantae,Eukaryota,Chlorophyta
>MMETSP0929,Ostreococcus-mediterraneus-clade-D-RCC2572,1486921,Ostreococcus mediterraneus,,Ostreococcus,Bathycoccaceae,Mamiellales,Mamiellophyceae,Chlorophyta,Viridiplantae,Eukaryota,Chlorophyta
>MMETSP0936,Ostreococcus-mediterraneus-clade-D-RCC2573,1486922,Ostreococcus mediterraneus,,Ostreococcus,Bathycoccaceae,Mamiellales,Mamiellophyceae,Chlorophyta,Viridiplantae,Eukaryota,Chlorophyta
>MMETSP0937,Ostreococcus-mediterraneus-clade-D-RCC2593,1486923,Ostreococcus mediterraneus,,Ostreococcus,Bathycoccaceae,Mamiellales,Mamiellophyceae,Chlorophyta,Viridiplantae,Eukaryota,Chlorophyta
>MMETSP0932,Ostreococcus-mediterraneus-clade-D-RCC2596,1486924,Ostreococcus mediterraneus,,Ostreococcus,Bathycoccaceae,Mamiellales,Mamiellophyceae,Chlorophyta,Viridiplantae,Eukaryota,Chlorophyta
>MMETSP1002,Ditylum-brightwellii-GSO103,49249,Ditylum brightwellii,,Ditylum,Lithodesmiaceae,Lithodesmiales,Mediophyceae,Bacillariophyta,,Eukaryota,Bacillariophyta
>MMETSP1005,Ditylum-brightwellii-GSO103,49249,Ditylum brightwellii,,Ditylum,Lithodesmiaceae,Lithodesmiales,Mediophyceae,Bacillariophyta,,Eukaryota,Bacillariophyta
>MMETSP1010,Ditylum-brightwellii-GSO104,49250,Ditylum brightwellii,,Ditylum,Lithodesmiaceae,Lithodesmiales,Mediophyceae,Bacillariophyta,,Eukaryota,Bacillariophyta
>MMETSP1012,Ditylum-brightwellii-GSO104,49251,Ditylum brightwellii,,Ditylum,Lithodesmiaceae,Lithodesmiales,Mediophyceae,Bacillariophyta,,Eukaryota,Bacillariophyta
>MMETSP1013,Ditylum-brightwellii-GSO104,49252,Ditylum brightwellii,,Ditylum,Lithodesmiaceae,Lithodesmiales,Mediophyceae,Bacillariophyta,,Eukaryota,Bacillariophyta
>MMETSP0998,Ditylum-brightwellii-GSO105,49253,Ditylum brightwellii,,Ditylum,Lithodesmiaceae,Lithodesmiales,Mediophyceae,Bacillariophyta,,Eukaryota,Bacillariophyta
>MMETSP1001,Ditylum-brightwellii-GSO105,49254,Ditylum brightwellii,,Ditylum,Lithodesmiaceae,Lithodesmiales,Mediophyceae,Bacillariophyta,,Eukaryota,Bacillariophyta
>MMETSP1062,Ditylum-brightwellii-Pop1(SS4),49255,Ditylum brightwellii,,Ditylum,Lithodesmiaceae,Lithodesmiales,Mediophyceae,Bacillariophyta,,Eukaryota,Bacillariophyta
>MMETSP1063,Ditylum-brightwellii-Pop2(SS10),49256,Ditylum brightwellii,,Ditylum,Lithodesmiaceae,Lithodesmiales,Mediophyceae,Bacillariophyta,,Eukaryota,Bacillariophyta
>MMETSP1437,Eucampia-antarctica-CCMP1452,49252,Eucampia antarctica,,Eucampia,Hemiaulaceae,Hemiaulales,Mediophyceae,Bacillariophyta,,Eukaryota,Bacillariophyta
>MMETSP0696,Extubocellulus-spinifer-CCMP396,265572,Extubocellulus spinifer,,Extubocellulus,Cymatosiraceae,Cymatosirales,Mediophyceae,Bacillariophyta,,Eukaryota,Bacillariophyta
>MMETSP0697,Extubocellulus-spinifer-CCMP396,265573,Extubocellulus spinifer,,Extubocellulus,Cymatosiraceae,Cymatosirales,Mediophyceae,Bacillariophyta,,Eukaryota,Bacillariophyta
>MMETSP0698,Extubocellulus-spinifer-CCMP396,265574,Extubocellulus spinifer,,Extubocellulus,Cymatosiraceae,Cymatosirales,Mediophyceae,Bacillariophyta,,Eukaryota,Bacillariophyta
>MMETSP0699,Extubocellulus-spinifer-CCMP396,265575,Extubocellulus spinifer,,Extubocellulus,Cymatosiraceae,Cymatosirales,Mediophyceae,Bacillariophyta,,Eukaryota,Bacillariophyta
>MMETSP1171,Helicotheca-tamensis-CCMP826,374047,Helicotheca tamesis,,Helicotheca,Lithodesmiaceae,Lithodesmiales,Mediophyceae,Bacillariophyta,,Eukaryota,Bacillariophyta
>MMETSP1434,Minutocellus-polymorphus-CCMP3303,265543,Minutocellus polymorphus,,Minutocellus,Cymatosiraceae,Cymatosirales,Mediophyceae,Bacillariophyta,,Eukaryota,Bacillariophyta
>MMETSP1070,Minutocellus-polymorphus-NH13,265543,Minutocellus polymorphus,,Minutocellus,Cymatosiraceae,Cymatosirales,Mediophyceae,Bacillariophyta,,Eukaryota,Bacillariophyta
>MMETSP1322,Minutocellus-polymorphus-RCC2270,265543,Minutocellus polymorphus,,Minutocellus,Cymatosiraceae,Cymatosirales,Mediophyceae,Bacillariophyta,,Eukaryota,Bacillariophyta
>MMETSP0015,Odontella-aurita-isolate1302-5,265563,Odontella aurita,,Odontella,Eupodiscaceae,Eupodiscales,Mediophyceae,Bacillariophyta,,Eukaryota,Bacillariophyta
>MMETSP0160,Odontella-sinensis-Grunow1884,265564,Odontella aurita,,Odontella,Eupodiscaceae,Eupodiscales,Mediophyceae,Bacillariophyta,,Eukaryota,Bacillariophyta
>MMETSP1175,Triceratium-dubium-CCMP147,1003142,Triceratium dubium,,Triceratium,Triceratiaceae,Triceratiales,Mediophyceae,Bacillariophyta,,Eukaryota,Bacillariophyta
>MMETSP0034,Nephroselmis-pyriformis-CCMP717,156128,Nephroselmis pyriformis,,Nephroselmis,,,Nephroselmidophyceae,Chlorophyta,Viridiplantae,Eukaryota,Chlorophyta
>MMETSP1018,Anophryoides-haemophila-AH6,46462,Anophryoides haemophila,,Anophryoides,Orchitophryidae,Philasterida,Oligohymenophorea,,,Eukaryota,Oligohymenophorea
>MMETSP1019,Anophryoides-haemophila-AH6,46463,Anophryoides haemophila,,Anophryoides,Orchitophryidae,Philasterida,Oligohymenophorea,,,Eukaryota,Oligohymenophorea
>MMETSP0125,Aristerostoma-sp-ATCC50986,485358,Aristerostoma sp. ATCC 50986,,Aristerostoma,,,Oligohymenophorea,,,Eukaryota,Oligohymenophorea
>MMETSP0018,Uronema-sp-Bbcil,2047667,Uronema sp.,,Uronema,Uronematidae,Philasterida,Oligohymenophorea,,,Eukaryota,Oligohymenophorea
>MMETSP0941,Prasinococcus-capsulatus-CCMP1194,156131,Prasinococcus capsulatus,,Prasinococcus,Prasinococcaceae,Prasinococcales,Palmophyllophyceae,Chlorophyta,Viridiplantae,Eukaryota,Chlorophyta
>MMETSP0806,Prasinoderma-coloniale-CCMP1413,156133,Prasinoderma coloniale,,Prasinoderma,Prasinococcaceae,Prasinococcales,Palmophyllophyceae,Chlorophyta,Viridiplantae,Eukaryota,Chlorophyta
>MMETSP1315,Prasinoderma-singularis-RCC927,676789,Prasinoderma singulare,,Prasinoderma,Prasinococcaceae,Prasinococcales,Palmophyllophyceae,Chlorophyta,Viridiplantae,Eukaryota,Chlorophyta
>MMETSP0914,Aureococcus-anophagefferens-CCMP1850,44056,Aureococcus anophagefferens,,Aureococcus,,Pelagomonadales,Pelagophyceae,,,Eukaryota,Pelagophyceae
>MMETSP0915,Aureococcus-anophagefferens-CCMP1850,44057,Aureococcus anophagefferens,,Aureococcus,,Pelagomonadales,Pelagophyceae,,,Eukaryota,Pelagophyceae
>MMETSP0916,Aureococcus-anophagefferens-CCMP1850,44058,Aureococcus anophagefferens,,Aureococcus,,Pelagomonadales,Pelagophyceae,,,Eukaryota,Pelagophyceae
>MMETSP0917,Aureococcus-anophagefferens-CCMP1850,44059,Aureococcus anophagefferens,,Aureococcus,,Pelagomonadales,Pelagophyceae,,,Eukaryota,Pelagophyceae
>MMETSP0890,Aureoumbra-lagunensis-CCMP1510,44058,Aureoumbra lagunensis,,Aureoumbra,,Pelagomonadales,Pelagophyceae,,,Eukaryota,Pelagophyceae
>MMETSP0891,Aureoumbra-lagunensis-CCMP1510,44059,Aureoumbra lagunensis,,Aureoumbra,,Pelagomonadales,Pelagophyceae,,,Eukaryota,Pelagophyceae
>MMETSP0892,Aureoumbra-lagunensis-CCMP1510,44060,Aureoumbra lagunensis,,Aureoumbra,,Pelagomonadales,Pelagophyceae,,,Eukaryota,Pelagophyceae
>MMETSP0893,Aureoumbra-lagunensis-CCMP1510,44061,Aureoumbra lagunensis,,Aureoumbra,,Pelagomonadales,Pelagophyceae,,,Eukaryota,Pelagophyceae
>MMETSP1165,Chrysocystis-fragilis-CCMP3189,1411660,Chrysocystis fragilis,,Chrysocystis,Chrysocystaceae,Sarcinochrysidales,Pelagophyceae,,,Eukaryota,Pelagophyceae
>MMETSP1164,Chrysoreinhardia-sp-CCMP2950,1411690,Chrysoreinhardia sp. CCMP2950,,Chrysoreinhardia,Chrysocystaceae,Sarcinochrysidales,Pelagophyceae,,,Eukaryota,Pelagophyceae
>MMETSP1166,Chrysoreinhardia-sp-CCMP3193,1411691,Chrysoreinhardia sp. CCMP2951,,Chrysoreinhardia,Chrysocystaceae,Sarcinochrysidales,Pelagophyceae,,,Eukaryota,Pelagophyceae
>MMETSP0882,Pelagococcus-subviridis-CCMP1429,35679,Pelagococcus subviridis,,Pelagococcus,,Pelagomonadales,Pelagophyceae,,,Eukaryota,Pelagophyceae
>MMETSP0883,Pelagococcus-subviridis-CCMP1429,35680,Pelagococcus subviridis,,Pelagococcus,,Pelagomonadales,Pelagophyceae,,,Eukaryota,Pelagophyceae
>MMETSP0884,Pelagococcus-subviridis-CCMP1429,35681,Pelagococcus subviridis,,Pelagococcus,,Pelagomonadales,Pelagophyceae,,,Eukaryota,Pelagophyceae
>MMETSP0885,Pelagococcus-subviridis-CCMP1429,35682,Pelagococcus subviridis,,Pelagococcus,,Pelagomonadales,Pelagophyceae,,,Eukaryota,Pelagophyceae
>MMETSP0886,Pelagomonas-calceolata-CCMP1756,35677,Pelagomonas calceolata,,Pelagomonas,,Pelagomonadales,Pelagophyceae,,,Eukaryota,Pelagophyceae
>MMETSP0887,Pelagomonas-calceolata-CCMP1756,35677,Pelagomonas calceolata,,Pelagomonas,,Pelagomonadales,Pelagophyceae,,,Eukaryota,Pelagophyceae
>MMETSP0888,Pelagomonas-calceolata-CCMP1756,35678,Pelagomonas calceolata,,Pelagomonas,,Pelagomonadales,Pelagophyceae,,,Eukaryota,Pelagophyceae
>MMETSP0889,Pelagomonas-calceolata-CCMP1756,35679,Pelagomonas calceolata,,Pelagomonas,,Pelagomonadales,Pelagophyceae,,,Eukaryota,Pelagophyceae
>MMETSP1328,Pelagomonas-calceolata-RCC969,35680,Pelagomonas calceolata,,Pelagomonas,,Pelagomonadales,Pelagophyceae,,,Eukaryota,Pelagophyceae
>MMETSP1163,Phaeomonas-parva-CCMP2877,124430,Phaeomonas parva,,Phaeomonas,Pinguiochrysidaceae,Pinguiochrysidales,Pinguiophyceae,,,Eukaryota,Pinguiophyceae
>MMETSP1160,Pinguiococcus-pyrenoidosus-CCMP2078,172671,Pinguiococcus pyrenoidosus,,Pinguiococcus,Pinguiochrysidaceae,Pinguiochrysidales,Pinguiophyceae,,,Eukaryota,Pinguiophyceae
>MMETSP0947,Chattonella-subsalsa-CCMP2191,44440,Chattonella subsalsa,,Chattonella,Chattonellaceae,Chattonellales,Raphidophyceae,,,Eukaryota,Raphidophyceae
>MMETSP0948,Chattonella-subsalsa-CCMP2191,44441,Chattonella subsalsa,,Chattonella,Chattonellaceae,Chattonellales,Raphidophyceae,,,Eukaryota,Raphidophyceae
>MMETSP0949,Chattonella-subsalsa-CCMP2191,44442,Chattonella subsalsa,,Chattonella,Chattonellaceae,Chattonellales,Raphidophyceae,,,Eukaryota,Raphidophyceae
>MMETSP0950,Chattonella-subsalsa-CCMP2191,44443,Chattonella subsalsa,,Chattonella,Chattonellaceae,Chattonellales,Raphidophyceae,,,Eukaryota,Raphidophyceae
>MMETSP1339,Fibrocapsa-japonica-CCMP1661,94617,Fibrocapsa japonica,,Fibrocapsa,Chattonellaceae,Chattonellales,Raphidophyceae,,,Eukaryota,Raphidophyceae
>MMETSP0292,Heterosigma-akashiwo-CCMP2393,2829,Heterosigma akashiwo,,Heterosigma,Chattonellaceae,Chattonellales,Raphidophyceae,,,Eukaryota,Raphidophyceae
>MMETSP0294,Heterosigma-akashiwo-CCMP2393,2829,Heterosigma akashiwo,,Heterosigma,Chattonellaceae,Chattonellales,Raphidophyceae,,,Eukaryota,Raphidophyceae
>MMETSP0295,Heterosigma-akashiwo-CCMP2393,536046,Heterosigma akashiwo CCMP452,Heterosigma akashiwo,Heterosigma,Chattonellaceae,Chattonellales,Raphidophyceae,,,Eukaryota,Raphidophyceae
>MMETSP0296,Heterosigma-akashiwo-CCMP2393,536047,Heterosigma akashiwo CCMP453,Heterosigma akashiwo,Heterosigma,Chattonellaceae,Chattonellales,Raphidophyceae,,,Eukaryota,Raphidophyceae
>MMETSP0409,Heterosigma-akashiwo-CCMP3107,536048,Heterosigma akashiwo CCMP454,Heterosigma akashiwo,Heterosigma,Chattonellaceae,Chattonellales,Raphidophyceae,,,Eukaryota,Raphidophyceae
>MMETSP0410,Heterosigma-akashiwo-CCMP3107,536049,Heterosigma akashiwo CCMP455,Heterosigma akashiwo,Heterosigma,Chattonellaceae,Chattonellales,Raphidophyceae,,,Eukaryota,Raphidophyceae
>MMETSP0411,Heterosigma-akashiwo-CCMP3107,536050,Heterosigma akashiwo CCMP456,Heterosigma akashiwo,Heterosigma,Chattonellaceae,Chattonellales,Raphidophyceae,,,Eukaryota,Raphidophyceae
>MMETSP0894,Heterosigma-akashiwo-CCMP452,536051,Heterosigma akashiwo CCMP457,Heterosigma akashiwo,Heterosigma,Chattonellaceae,Chattonellales,Raphidophyceae,,,Eukaryota,Raphidophyceae
>MMETSP0895,Heterosigma-akashiwo-CCMP452,536052,Heterosigma akashiwo CCMP458,Heterosigma akashiwo,Heterosigma,Chattonellaceae,Chattonellales,Raphidophyceae,,,Eukaryota,Raphidophyceae
>MMETSP0896,Heterosigma-akashiwo-CCMP452,536053,Heterosigma akashiwo CCMP459,Heterosigma akashiwo,Heterosigma,Chattonellaceae,Chattonellales,Raphidophyceae,,,Eukaryota,Raphidophyceae
>MMETSP0897,Heterosigma-akashiwo-CCMP452,536054,Heterosigma akashiwo CCMP460,Heterosigma akashiwo,Heterosigma,Chattonellaceae,Chattonellales,Raphidophyceae,,,Eukaryota,Raphidophyceae
>MMETSP0414,Heterosigma-akashiwo-NB,536055,Heterosigma akashiwo CCMP461,Heterosigma akashiwo,Heterosigma,Chattonellaceae,Chattonellales,Raphidophyceae,,,Eukaryota,Raphidophyceae
>MMETSP0415,Heterosigma-akashiwo-NB,536056,Heterosigma akashiwo CCMP462,Heterosigma akashiwo,Heterosigma,Chattonellaceae,Chattonellales,Raphidophyceae,,,Eukaryota,Raphidophyceae
>MMETSP0416,Heterosigma-akashiwo-NB,536057,Heterosigma akashiwo CCMP463,Heterosigma akashiwo,Heterosigma,Chattonellaceae,Chattonellales,Raphidophyceae,,,Eukaryota,Raphidophyceae
>MMETSP0167,Rhodella-maculata-CCMP736,2801,Rhodella violacea,,Rhodella,Rhodellaceae,Rhodellales,Rhodellophyceae,Rhodophyta,,Eukaryota,Rhodophyta
>MMETSP0314,Rhodella-maculata-CCMP736,2801,Rhodella violacea,,Rhodella,Rhodellaceae,Rhodellales,Rhodellophyceae,Rhodophyta,,Eukaryota,Rhodophyta
>MMETSP0232,Debaryomyces-hansenii-J26,4959,Debaryomyces hansenii,,Debaryomyces,Debaryomycetaceae,Saccharomycetales,Saccharomycetes,Ascomycota,Fungi,Eukaryota,Ascomycota
>MMETSP0233,Debaryomyces-hansenii-J26,4960,Debaryomyces hansenii,,Debaryomyces,Debaryomycetaceae,Saccharomycetales,Saccharomycetes,Ascomycota,Fungi,Eukaryota,Ascomycota
>MMETSP0234,Debaryomyces-hansenii-J26,4961,Debaryomyces hansenii,,Debaryomyces,Debaryomycetaceae,Saccharomycetales,Saccharomycetes,Ascomycota,Fungi,Eukaryota,Ascomycota
>MMETSP0235,Debaryomyces-hansenii-J26,4962,Debaryomyces hansenii,,Debaryomyces,Debaryomycetaceae,Saccharomycetales,Saccharomycetes,Ascomycota,Fungi,Eukaryota,Ascomycota
>MMETSP1170,Sarcinochrysis-sp-CCMP770,54407,,,,,,Sarcinochrysidale,Pelagophyceae,Stramenopiles,Eukaryota,Pelagophyceae
>MMETSP1380,Euplotes-crassus-CT5,36766,Euplotes focardii,,Euplotes,Euplotidae,Euplotida,Spirotrichea,,,Eukaryota,Spirotrichea
>MMETSP0205,Euplotes-focardii-TN1,36767,Euplotes focardii,,Euplotes,Euplotidae,Euplotida,Spirotrichea,,,Eukaryota,Spirotrichea
>MMETSP0206,Euplotes-focardii-TN1,36768,Euplotes focardii,,Euplotes,Euplotidae,Euplotida,Spirotrichea,,,Eukaryota,Spirotrichea
>MMETSP0213,Euplotes-harpa-FSP1-4,151035,Euplotes harpa,,Euplotes,Euplotidae,Euplotida,Spirotrichea,,,Eukaryota,Spirotrichea
>MMETSP0123,Favella-ehrenbergii-Fehren1,182087,Favella ehrenbergii,,Favella,Xystonellidae,Tintinnida,Spirotrichea,,,Eukaryota,Spirotrichea
>MMETSP0434,Favella-taraikaensis-FeNarragansettBay,182088,Favella ehrenbergii,,Favella,Xystonellidae,Tintinnida,Spirotrichea,,,Eukaryota,Spirotrichea
>MMETSP0436,Favella-taraikaensis-FeNarragansettBay,182089,Favella ehrenbergii,,Favella,Xystonellidae,Tintinnida,Spirotrichea,,,Eukaryota,Spirotrichea
>MMETSP0216,Protocruzia-adherens-Boccale,223996,Protocruzia adherens,,Protocruzia,,,Spirotrichea,,,Eukaryota,Spirotrichea
>MMETSP1396,Pseudokeronopsis-sp-Brazil,1634380,Pseudokeronopsis sp.,,Pseudokeronopsis,Pseudokeronopsidae,Urostylida,Spirotrichea,,,Eukaryota,Spirotrichea
>MMETSP0211,Pseudokeronopsis-sp-OXSARD2,1634380,Pseudokeronopsis sp.,,Pseudokeronopsis,Pseudokeronopsidae,Urostylida,Spirotrichea,,,Eukaryota,Spirotrichea
>MMETSP0126,Strombidinopsis-acuminatum-SPMC142,141414,Strombidinopsis acuminata,,Strombidinopsis,Strombidinopsidae,Choreotrichida,Spirotrichea,,,Eukaryota,Spirotrichea
>MMETSP0463,Strombidinopsis-sp-SopsisLIS2011,141414,Strombidinopsis acuminata,,Strombidinopsis,Strombidinopsidae,Choreotrichida,Spirotrichea,,,Eukaryota,Spirotrichea
>MMETSP0208,Strombidium-inclinatum-S3,197537,Strombidium inclinatum,,Strombidium,Strombidiidae,,Spirotrichea,,,Eukaryota,Spirotrichea
>MMETSP0449,Strombidium-rassoulzadegani-ras09,1082187,Strombidium rassoulzadegani,,Strombidium,Strombidiidae,,Spirotrichea,,,Eukaryota,Spirotrichea
>MMETSP0011,Rhodosorus-marinus-CCMP769,101924,Rhodosorus marinus,,Rhodosorus,Stylonemataceae,Stylonematales,Stylonematophyceae,Rhodophyta,,Eukaryota,Rhodophyta
>MMETSP0315,Rhodosorus-marinus-UTEXLB2760,101924,Rhodosorus marinus,,Rhodosorus,Stylonemataceae,Stylonematales,Stylonematophyceae,Rhodophyta,,Eukaryota,Rhodophyta
>MMETSP1452,Synchroma-pusillum-CCMP3072,1181717,Synchroma pusillum,,Synchroma,,,Synchromophyceae,,,Eukaryota,Synchromophyceae
>MMETSP1167,Mallomonas-sp-CCMP3275,2003107,Mallomonas sp.,,Mallomonas,Mallomonadaceae,Synurales,Synurophyceae,,,Eukaryota,Synurophyceae
>MMETSP1161,Picochlorum-oklahomensis-CCMP2329,249345,Picochlorum oklahomense,,Picochlorum,,,Trebouxiophyceae,Chlorophyta,Viridiplantae,Eukaryota,Chlorophyta
>MMETSP1330,Picochlorum-sp-RCC944,249346,Picochlorum oklahomense,,Picochlorum,,,Trebouxiophyceae,Chlorophyta,Viridiplantae,Eukaryota,Chlorophyta
>MMETSP0945,Vaucheria-litorea-CCMP2940,109269,Vaucheria litorea,,Vaucheria,Vaucheriaceae,Vaucheriales,Xanthophyceae,,,Eukaryota,Xanthophyceae
>MMETSP0946,Vaucheria-litorea-CCMP2940,109270,Vaucheria litorea,,Vaucheria,Vaucheriaceae,Vaucheriales,Xanthophyceae,,,Eukaryota,Xanthophyceae
>MMETSP0105,Acanthoeca-like-sp-10tr,1545444,Acanthoeca sp. SIOpierAcanth1,,Acanthoeca,Acanthoecidae,Choanoflagellida,,,,Eukaryota,Choanoflagellida
>MMETSP0106,Acanthoeca-like-sp-10tr,1545445,Acanthoeca sp. SIOpierAcanth2,,Acanthoeca,Acanthoecidae,Choanoflagellida,,,,Eukaryota,Choanoflagellida
>MMETSP0288,Alveolata-sp-CCMP3155,,,,,,,,,,Eukaryota,Apicomplexa
>MMETSP1384,Ammonia-sp,43993,Ammonia sp.,,Ammonia,Rotaliidae,Rotaliida,,,,Eukaryota,Rotaliida
>MMETSP0795,Amoebophrya-sp-Ameob2,,,,Amoebophyra,Goniodomaceae,Syndiniales,Dinophyceae,,,Eukaryota,Dinophyceae
>MMETSP0115,Bicosoecid-sp-ms1,,,,Bicosoecid,,Bicosoecida,,,,Eukaryota,Bicosoecida
>MMETSP0942,Cafeteria-roenbergensis-E4-10,33653,Cafeteria roenbergensis,,Cafeteria,Cafeteriaceae,Bicosoecida,,,,Eukaryota,Bicosoecida
>MMETSP0290,Chromera-velia-CCMP2878,1169474,Chromera velia CCMP2878,Chromera velia,Chromera,,,,Chromerida,,Eukaryota,Chromerida
>MMETSP0047,Chroomonas-mesostigmaticacf-CCMP1168,1195612,Chroomonas mesostigmatica CCMP1168,Chroomonas mesostigmatica,Chroomonas,Chroomonadaceae,Pyrenomonadales,,Cryptophyta,,Eukaryota,Cryptophyta
>MMETSP1050,Cryptomonas-curvata-CCAP979-52,233186,Cryptomonas curvata,,Cryptomonas,Cryptomonadaceae,Cryptomonadales,,Cryptophyta,,Eukaryota,Cryptophyta
>MMETSP0038,Cryptomonas-paramecium-CCAP977-2a,2898,Cryptomonas paramecium,,Cryptomonas,Cryptomonadaceae,Cryptomonadales,,Cryptophyta,,Eukaryota,Cryptophyta
>MMETSP1385,Elphidium-margaritaceum,933848,Elphidium margaritaceum,,Elphidium,Elphidiidae,Rotaliida,,,,Eukaryota,Rotaliida
>MMETSP0809,Eutreptiella-gymnastica-like-CCMP1594,73025,Eutreptiella gymnastica,,Eutreptiella,,Eutreptiales,,Euglenida,,Eukaryota,Euglenida
>MMETSP0810,Eutreptiella-gymnastica-like-CCMP1594,73025,Eutreptiella gymnastica,,Eutreptiella,,Eutreptiales,,Euglenida,,Eukaryota,Euglenida
>MMETSP0811,Eutreptiella-gymnastica-like-CCMP1594,73025,Eutreptiella gymnastica,,Eutreptiella,,Eutreptiales,,Euglenida,,Eukaryota,Euglenida
>MMETSP0039,Eutreptiella-gymnastica-NIES-381,73025,Eutreptiella gymnastica,,Eutreptiella,,Eutreptiales,,Euglenida,,Eukaryota,Euglenida
>MMETSP0413,Filamoeba-nolandi-NC-AS-23-1,136452,Filamoeba nolandi,,Filamoeba,Echinamoebidae,,,,,Eukaryota,Echinamoebidae
>MMETSP0799,Geminigera-cryophila-CCMP2564,46947,Geminigera cryophila,,Geminigera,Geminigeraceae,Pyrenomonadales,,Cryptophyta,,Eukaryota,Cryptophyta
>MMETSP0107,Goniomonas-pacifica-CCMP1869,195067,Goniomonas pacifica,,Goniomonas,Goniomonadaceae,Cryptomonadales,,Cryptophyta,,Eukaryota,Cryptophyta
>MMETSP0108,Goniomonas-pacifica-CCMP1869,195068,Goniomonas pacifica,,Goniomonas,Goniomonadaceae,Cryptomonadales,,Cryptophyta,,Eukaryota,Cryptophyta
>MMETSP0114,Goniomonas-sp-m,195069,Goniomonas pacifica,,Goniomonas,Goniomonadaceae,Cryptomonadales,,Cryptophyta,,Eukaryota,Cryptophyta
>MMETSP0046,Guillardia-theta-CCMP2712,905079,Guillardia theta CCMP2712,Guillardia theta,Guillardia,Geminigeraceae,Pyrenomonadales,,Cryptophyta,,Eukaryota,Cryptophyta
>MMETSP1048,Hanusia-phi-CCMP325,3032,Hanusia phi,,Hanusia,Geminigeraceae,Pyrenomonadales,,Cryptophyta,,Eukaryota,Cryptophyta
>MMETSP1042,Hemiselmis-andersenii-CCMP1180,464988,Hemiselmis andersenii,,Hemiselmis,Hemiselmidaceae,Cryptomonadales,,Cryptophyta,,Eukaryota,Cryptophyta
>MMETSP1041,Hemiselmis-andersenii-CCMP439,464988,Hemiselmis andersenii,,Hemiselmis,Hemiselmidaceae,Cryptomonadales,,Cryptophyta,,Eukaryota,Cryptophyta
>MMETSP1043,Hemiselmis-andersenii-CCMP441,464989,Hemiselmis andersenii,,Hemiselmis,Hemiselmidaceae,Cryptomonadales,,Cryptophyta,,Eukaryota,Cryptophyta
>MMETSP0043,Hemiselmis-andersenii-CCMP644,464990,Hemiselmis andersenii,,Hemiselmis,Hemiselmidaceae,Cryptomonadales,,Cryptophyta,,Eukaryota,Cryptophyta
>MMETSP1357,Hemiselmis-rufescens-PCC563,77926,Hemiselmis rufescens,,Hemiselmis,Hemiselmidaceae,Cryptomonadales,,Cryptophyta,,Eukaryota,Cryptophyta
>MMETSP1355,Hemiselmis-tepida-CCMP443,464990,Hemiselmis tepida,,Hemiselmis,Hemiselmidaceae,Cryptomonadales,,Cryptophyta,,Eukaryota,Cryptophyta
>MMETSP1356,Hemiselmis-virescens-PCC157,77927,Hemiselmis virescens,,Hemiselmis,Hemiselmidaceae,Cryptomonadales,,Cryptophyta,,Eukaryota,Cryptophyta
>MMETSP0417,Mayorella-sp-BSH-02190019,1973063,Mayorella sp.,,Mayorella,,Longamoebia,,,,Eukaryota,Longamoebia
>MMETSP0186,Minchinia-chitonis,262233,Minchinia chitonis,,Minchinia,Haplosporidiidae,,,Haplosporidia,,Eukaryota,Haplosporidia
>MMETSP1114,Neobodo-designis-CCAP1951-1,312471,Neobodo designis,,Neobodo,Bodonidae,Kinetoplastida,,,,Eukaryota,Kinetoplastida
>MMETSP0161,Neoparamoeba-aestuarina-SoJaBioB1-5-56-2,2020319,Neoparamoeba longipodia,,Neoparamoeba,Paramoebidae,,,,,Eukaryota,Paramoebidae
>MMETSP0780,Palpitomonas-bilix-NIES-2562,652834,Palpitomonas bilix,,Palpitomonas,,,,,,Eukaryota,Palpitomonas
>MMETSP0151,Paramoeba-atlantica-621-1-CCAP1560-9,1077153,Paramoeba atlantica,,Paramoeba,Paramoebidae,,,,,Eukaryota,Perkinsida
>MMETSP0924,Perkinsus-chesapeaki-ATCCPRA-65,330153,Perkinsus chesapeaki,,Perkinsus,Perkinsidae,Perkinsida,,,,Eukaryota,Perkinsida
>MMETSP0925,Perkinsus-chesapeaki-ATCCPRA-65,330154,Perkinsus chesapeaki,,Perkinsus,Perkinsidae,Perkinsida,,,,Eukaryota,Perkinsida
>MMETSP0922,Perkinsus-marinus-ATCC50439,330155,Perkinsus chesapeaki,,Perkinsus,Perkinsidae,Perkinsida,,,,Eukaryota,Perkinsida
>MMETSP0923,Perkinsus-marinus-ATCC50439,330156,Perkinsus chesapeaki,,Perkinsus,Perkinsidae,Perkinsida,,,,Eukaryota,Perkinsida
>MMETSP0420,Pessonella-sp,498008,Pessonella sp. PRA-29,,Pessonella,Vannellidae,,,,,Eukaryota,Vannellidae
>MMETSP0807,Picocystis-salinarum-CCMP1897,88271,Picocystis salinarum,,Picocystis,,,,Chlorophyta,Viridiplantae,Eukaryota,Chlorophyta
>MMETSP1159,Picocystis-salinarum-CCMP1897,88271,Picocystis salinarum,,Picocystis,,,,Chlorophyta,Viridiplantae,Eukaryota,Chlorophyta
>MMETSP1049,Proteomonas-sulcata-CCMP704,77928,Proteomonas sulcata,,Proteomonas,Geminigeraceae,Pyrenomonadales,,Cryptophyta,,Eukaryota,Cryptophyta
>MMETSP1438,Pterosperma-sp-CCMP1384,1461541,Pterosperma sp. CCMP1384,,Pterosperma,,Pyramimonadales,,Chlorophyta,Viridiplantae,Eukaryota,Chlorophyta
>MMETSP1316,Pycnococcus-provasolii-RCC2336,41876,Pycnococcus provasolii,,Pycnococcus,Pycnococcaceae,,,Chlorophyta,Viridiplantae,Eukaryota,Chlorophyta
>MMETSP1472,Pycnococcus-provasolii-RCC251,41877,Pycnococcus provasolii,,Pycnococcus,Pycnococcaceae,,,Chlorophyta,Viridiplantae,Eukaryota,Chlorophyta
>MMETSP1471,Pycnococcus-provasolii-RCC733,41878,Pycnococcus provasolii,,Pycnococcus,Pycnococcaceae,,,Chlorophyta,Viridiplantae,Eukaryota,Chlorophyta
>MMETSP1459,Pycnococcus-provasolii-RCC931,41879,Pycnococcus provasolii,,Pycnococcus,Pycnococcaceae,,,Chlorophyta,Viridiplantae,Eukaryota,Chlorophyta
>MMETSP1085,Pycnococcus-sp-CCMP1998,41880,Pycnococcus provasolii,,Pycnococcus,Pycnococcaceae,,,Chlorophyta,Viridiplantae,Eukaryota,Chlorophyta
>MMETSP1081,Pyramimonas-amylifera-CCMP720,1411642,Pyramimonas obovata,,Pyramimonas,,Pyramimonadales,,Chlorophyta,Viridiplantae,Eukaryota,Chlorophyta
>MMETSP1169,Pyramimonas-obovata-CCMP722,36894,Pyramimonas parkeae,,Pyramimonas,,Pyramimonadales,,Chlorophyta,Viridiplantae,Eukaryota,Chlorophyta
>MMETSP0058,Pyramimonas-parkeae-CCMP726,36895,Pyramimonas parkeae,,Pyramimonas,,Pyramimonadales,,Chlorophyta,Viridiplantae,Eukaryota,Chlorophyta
>MMETSP0059,Pyramimonas-parkeae-CCMP726,36896,Pyramimonas parkeae,,Pyramimonas,,Pyramimonadales,,Chlorophyta,Viridiplantae,Eukaryota,Chlorophyta
>MMETSP1445,Pyramimonas-sp-CCMP2087,36897,Pyramimonas parkeae,,Pyramimonas,,Pyramimonadales,,Chlorophyta,Viridiplantae,Eukaryota,Chlorophyta
>MMETSP1101,Rhodomonas-abbreviata-CaronLabIsolate,46948,Rhodomonas abbreviata,,Rhodomonas,Pyrenomonadaceae,Pyrenomonadales,,Cryptophyta,,Eukaryota,Cryptophyta
>MMETSP0484,Rhodomonas-lens-RHODO,354590,Rhodomonas lens,,Rhodomonas,Pyrenomonadaceae,Pyrenomonadales,,Cryptophyta,,Eukaryota,Cryptophyta
>MMETSP1047,Rhodomonas-salina-CCMP1319,52970,Rhodomonas salina,,Rhodomonas,Pyrenomonadaceae,Pyrenomonadales,,Cryptophyta,,Eukaryota,Cryptophyta
>MMETSP1091,Rhodomonas-sp-CCMP768,52971,Rhodomonas salina,,Rhodomonas,Pyrenomonadaceae,Pyrenomonadales,,Cryptophyta,,Eukaryota,Cryptophyta
>MMETSP1389,Rhodomonas-sp-CCMP768,52972,Rhodomonas salina,,Rhodomonas,Pyrenomonadaceae,Pyrenomonadales,,Cryptophyta,,Eukaryota,Cryptophyta
>MMETSP0190,Rosalina-sp,998795,Rosalina sp. 12285,,Rosalina,Rosalinidae,Rotaliida,,,,Eukaryota,Rotaliida
>MMETSP0191,Sorites-sp,126664,Sorites sp.,,Sorites,Soritidae,Miliolida,,,,Eukaryota,Miliolida
>MMETSP1473,Stichococcus-sp-RCC1054,,,,,,,,Chlorophyta,Viridiplantae,Eukaryota,Chlorophyta
>MMETSP0447,Stygamoeba-regulata-BSH-02190019,1042828,Stygamoeba regulata,,Stygamoeba,,Stygamoebida,,,,Eukaryota,Stygamoebida
>MMETSP0472,Tiarina-fusus-LIS,,,,,,,,Ciliophora,Alveolata,Eukaryota,Ciliophora
>MMETSP0405,Trichosphaerium-sp-Am-I-7wt,498012,Trichosphaerium sp. ATCC 40318,,Trichosphaerium,,,Lobosa,,,Eukaryota,Lobosa
>MMETSP1317,Unidentifiedeukaryote-sp,,,,,,,,,,,Unidentified
>MMETSP1469,Unidentifiedeukaryote-sp-CCMP1205,,,,,,,,,,,Unidentified
>MMETSP1178,Unidentifiedeukaryote-sp-CCMP2000,,,,,,,,,,,Unidentified
>MMETSP0974,Unidentifiedeukaryote-sp-CCMP2097,,,,,,,,,,,Unidentified
>MMETSP0975,Unidentifiedeukaryote-sp-CCMP2097,,,,,,,,,,,Unidentified
>MMETSP0976,Unidentifiedeukaryote-sp-CCMP2097,,,,,,,,,,,Unidentified
>MMETSP0977,Unidentifiedeukaryote-sp-CCMP2097,,,,,,,,,,,Unidentified
>MMETSP0990,Unidentifiedeukaryote-sp-CCMP2098,,,,,,,,,,,Unidentified
>MMETSP0991,Unidentifiedeukaryote-sp-CCMP2098,,,,,,,,,,,Unidentified
>MMETSP0992,Unidentifiedeukaryote-sp-CCMP2098,,,,,,,,,,,Unidentified
>MMETSP0993,Unidentifiedeukaryote-sp-CCMP2098,,,,,,,,,,,Unidentified
>MMETSP1446,Unidentifiedeukaryote-sp-CCMP2111,,,,,,,,,,,Unidentified
>MMETSP1467,Unidentifiedeukaryote-sp-CCMP2135,,,,,,,,,,,Unidentified
>MMETSP1470,Unidentifiedeukaryote-sp-CCMP2175,,,,,,,,,,,Unidentified
>MMETSP0986,Unidentifiedeukaryote-sp-CCMP2293,,,,,,,,,,,Unidentified
>MMETSP0987,Unidentifiedeukaryote-sp-CCMP2293,,,,,,,,,,,Unidentified
>MMETSP0988,Unidentifiedeukaryote-sp-CCMP2293,,,,,,,,,,,Unidentified
>MMETSP0989,Unidentifiedeukaryote-sp-CCMP2293,,,,,,,,,,,Unidentified
>MMETSP1141,Unidentifiedeukaryote-sp-CCMP2298,,,,,,,,,,,Unidentified
>MMETSP1142,Unidentifiedeukaryote-sp-CCMP2298,,,,,,,,,,,Unidentified
>MMETSP1143,Unidentifiedeukaryote-sp-CCMP2298,,,,,,,,,,,Unidentified
>MMETSP1144,Unidentifiedeukaryote-sp-CCMP2298,,,,,,,,,,,Unidentified
>MMETSP0982,Unidentifiedeukaryote-sp-CCMP2436,,,,,,,,,,,Unidentified
>MMETSP0983,Unidentifiedeukaryote-sp-CCMP2436,,,,,,,,,,,Unidentified
>MMETSP0984,Unidentifiedeukaryote-sp-CCMP2436,,,,,,,,,,,Unidentified
>MMETSP0985,Unidentifiedeukaryote-sp-CCMP2436,,,,,,,,,,,Unidentified
>MMETSP0086,Unidentifiedeukaryote-sp-D1,,,,,,,,,,,Unidentified
>MMETSP0087,Unidentifiedeukaryote-sp-D1,,,,,,,,,,,Unidentified
>MMETSP0098,Unidentifiedeukaryote-sp-NY0313808BC1,,,,,,,,,,,Unidentified
>MMETSP0099,Unidentifiedeukaryote-sp-NY0313808BC1,,,,,,,,,,,Unidentified
>MMETSP0100,Unidentifiedeukaryote-sp-NY0313808BC1,,,,,,,,,,,Unidentified
>MMETSP1433,Unidentifiedeukaryote-sp-NY070348D,,,,,,,,,,,Unidentified
>MMETSP1310,Unidentifiedeukaryote-sp-RC2339,,,,,,,,,,,Unidentified
>MMETSP1329,Unidentifiedeukaryote-sp-RCC1024,,,,,,,,,,,Unidentified
>MMETSP1456,Unidentifiedeukaryote-sp-RCC1871,,,,,,,,,,,Unidentified
>MMETSP1326,Unidentifiedeukaryote-sp-RCC2288,,,,,,,,,,,Unidentified
>MMETSP1312,Unidentifiedeukaryote-sp-RCC2335,,,,,,,,,,,Unidentified
>MMETSP1453,Unidentifiedeukaryote-sp-RCC701,,,,,,,,,,,Unidentified
>MMETSP1311,Unidentifiedeukaryote-sp-RCC856,,,,,,,,,,,Unidentified
>MMETSP1309,Unidentifiedeukaryote-sp-RCC998,,,,,,,,,,,Unidentified
>MMETSP0166,Vannella-robusta-DIVA3518-3-11-1-6,1487601,Vannella sp. CB-2013,,Vannella,Vannellidae,,,,,Eukaryota,Vannellidae
>MMETSP0168,Vannella-sp-DIVA3517-6-12,1487602,Vannella sp. CB-2014,,Vannella,Vannellidae,,,,,Eukaryota,Vannellidae
>MMETSP0173,Vexillifera-sp-DIVA3564-2,2491903,Vexillifera sp.,,Vexillifera,Vexilliferidae,,,,,Eukaryota,Vexilliferidae